date,account_id,institution,currency,native_balance,usd_balance,threshold_usd_value,balance_source,evidence_class,confidence,source_refs,notes,review_flags
2025-01-01,synthetic-demo-account-0042,Fictional Orbit Bank - Synthetic Demo Only,COP,9800000,2596.98,2596.975848,observed,transaction,high,fictional-orbit-q1.pdf:p1:l8,"Selected last monetary value on line: $9,800,000; ISO/date-first numeric date; Recognized source-bound COP Fecha Descripción Movimiento Tarjeta Débito Abono Saldo table; selected the final currency-marked Saldo value.; Whole-COP comma grouping accepted only in the confirmed, source-bound COP Saldo table context.",
2025-01-02,synthetic-demo-account-0042,Fictional Orbit Bank - Synthetic Demo Only,COP,9800000,2596.98,2596.975848,carried-forward,carried-forward,medium,fictional-orbit-q1.pdf:p1:l8,No same-day balance found; carried forward most recent observed account balance.,
2025-01-03,synthetic-demo-account-0042,Fictional Orbit Bank - Synthetic Demo Only,COP,9800000,2596.98,2596.975848,carried-forward,carried-forward,medium,fictional-orbit-q1.pdf:p1:l8,No same-day balance found; carried forward most recent observed account balance.,
2025-01-04,synthetic-demo-account-0042,Fictional Orbit Bank - Synthetic Demo Only,COP,9876543,2617.26,2617.259554,observed,transaction,high,fictional-orbit-q1.pdf:p1:l9,"Selected last monetary value on line: $9,876,543; ISO/date-first numeric date; Recognized source-bound COP Fecha Descripción Movimiento Tarjeta Débito Abono Saldo table; selected the final currency-marked Saldo value.; Whole-COP comma grouping accepted only in the confirmed, source-bound COP Saldo table context.",
2025-01-05,synthetic-demo-account-0042,Fictional Orbit Bank - Synthetic Demo Only,COP,9876543,2617.26,2617.259554,carried-forward,carried-forward,medium,fictional-orbit-q1.pdf:p1:l9,No same-day balance found; carried forward most recent observed account balance.,
2025-01-06,synthetic-demo-account-0042,Fictional Orbit Bank - Synthetic Demo Only,COP,9876543,2617.26,2617.259554,carried-forward,carried-forward,medium,fictional-orbit-q1.pdf:p1:l9,No same-day balance found; carried forward most recent observed account balance.,
2025-01-07,synthetic-demo-account-0042,Fictional Orbit Bank - Synthetic Demo Only,COP,9876543,2617.26,2617.259554,carried-forward,carried-forward,medium,fictional-orbit-q1.pdf:p1:l9,No same-day balance found; carried forward most recent observed account balance.,
2025-01-08,synthetic-demo-account-0042,Fictional Orbit Bank - Synthetic Demo Only,COP,9876543,2617.26,2617.259554,carried-forward,carried-forward,medium,fictional-orbit-q1.pdf:p1:l9,No same-day balance found; carried forward most recent observed account balance.,
2025-01-09,synthetic-demo-account-0042,Fictional Orbit Bank - Synthetic Demo Only,COP,9876543,2617.26,2617.259554,carried-forward,carried-forward,medium,fictional-orbit-q1.pdf:p1:l9,No same-day balance found; carried forward most recent observed account balance.,
2025-01-10,synthetic-demo-account-0042,Fictional Orbit Bank - Synthetic Demo Only,COP,9876543,2617.26,2617.259554,carried-forward,carried-forward,medium,fictional-orbit-q1.pdf:p1:l9,No same-day balance found; carried forward most recent observed account balance.,
2025-01-11,synthetic-demo-account-0042,Fictional Orbit Bank - Synthetic Demo Only,COP,9876543,2617.26,2617.259554,carried-forward,carried-forward,medium,fictional-orbit-q1.pdf:p1:l9,No same-day balance found; carried forward most recent observed account balance.,
2025-01-12,synthetic-demo-account-0042,Fictional Orbit Bank - Synthetic Demo Only,COP,9876543,2617.26,2617.259554,carried-forward,carried-forward,medium,fictional-orbit-q1.pdf:p1:l9,No same-day balance found; carried forward most recent observed account balance.,
2025-01-13,synthetic-demo-account-0042,Fictional Orbit Bank - Synthetic Demo Only,COP,9876543,2617.26,2617.259554,carried-forward,carried-forward,medium,fictional-orbit-q1.pdf:p1:l9,No same-day balance found; carried forward most recent observed account balance.,
2025-01-14,synthetic-demo-account-0042,Fictional Orbit Bank - Synthetic Demo Only,COP,9876543,2617.26,2617.259554,carried-forward,carried-forward,medium,fictional-orbit-q1.pdf:p1:l9,No same-day balance found; carried forward most recent observed account balance.,
2025-01-15,synthetic-demo-account-0042,Fictional Orbit Bank - Synthetic Demo Only,COP,9876543,2617.26,2617.259554,carried-forward,carried-forward,medium,fictional-orbit-q1.pdf:p1:l9,No same-day balance found; carried forward most recent observed account balance.,
2025-01-16,synthetic-demo-account-0042,Fictional Orbit Bank - Synthetic Demo Only,COP,9876543,2617.26,2617.259554,carried-forward,carried-forward,medium,fictional-orbit-q1.pdf:p1:l9,No same-day balance found; carried forward most recent observed account balance.,
2025-01-17,synthetic-demo-account-0042,Fictional Orbit Bank - Synthetic Demo Only,COP,9876543,2617.26,2617.259554,carried-forward,carried-forward,medium,fictional-orbit-q1.pdf:p1:l9,No same-day balance found; carried forward most recent observed account balance.,
2025-01-18,synthetic-demo-account-0042,Fictional Orbit Bank - Synthetic Demo Only,COP,9876543,2617.26,2617.259554,carried-forward,carried-forward,medium,fictional-orbit-q1.pdf:p1:l9,No same-day balance found; carried forward most recent observed account balance.,
2025-01-19,synthetic-demo-account-0042,Fictional Orbit Bank - Synthetic Demo Only,COP,9876543,2617.26,2617.259554,carried-forward,carried-forward,medium,fictional-orbit-q1.pdf:p1:l9,No same-day balance found; carried forward most recent observed account balance.,
2025-01-20,synthetic-demo-account-0042,Fictional Orbit Bank - Synthetic Demo Only,COP,9876543,2617.26,2617.259554,carried-forward,carried-forward,medium,fictional-orbit-q1.pdf:p1:l9,No same-day balance found; carried forward most recent observed account balance.,
2025-01-21,synthetic-demo-account-0042,Fictional Orbit Bank - Synthetic Demo Only,COP,9876543,2617.26,2617.259554,carried-forward,carried-forward,medium,fictional-orbit-q1.pdf:p1:l9,No same-day balance found; carried forward most recent observed account balance.,
2025-01-22,synthetic-demo-account-0042,Fictional Orbit Bank - Synthetic Demo Only,COP,9876543,2617.26,2617.259554,carried-forward,carried-forward,medium,fictional-orbit-q1.pdf:p1:l9,No same-day balance found; carried forward most recent observed account balance.,
2025-01-23,synthetic-demo-account-0042,Fictional Orbit Bank - Synthetic Demo Only,COP,9876543,2617.26,2617.259554,carried-forward,carried-forward,medium,fictional-orbit-q1.pdf:p1:l9,No same-day balance found; carried forward most recent observed account balance.,
2025-01-24,synthetic-demo-account-0042,Fictional Orbit Bank - Synthetic Demo Only,COP,9876543,2617.26,2617.259554,carried-forward,carried-forward,medium,fictional-orbit-q1.pdf:p1:l9,No same-day balance found; carried forward most recent observed account balance.,
2025-01-25,synthetic-demo-account-0042,Fictional Orbit Bank - Synthetic Demo Only,COP,9876543,2617.26,2617.259554,carried-forward,carried-forward,medium,fictional-orbit-q1.pdf:p1:l9,No same-day balance found; carried forward most recent observed account balance.,
2025-01-26,synthetic-demo-account-0042,Fictional Orbit Bank - Synthetic Demo Only,COP,9876543,2617.26,2617.259554,carried-forward,carried-forward,medium,fictional-orbit-q1.pdf:p1:l9,No same-day balance found; carried forward most recent observed account balance.,
2025-01-27,synthetic-demo-account-0042,Fictional Orbit Bank - Synthetic Demo Only,COP,9876543,2617.26,2617.259554,carried-forward,carried-forward,medium,fictional-orbit-q1.pdf:p1:l9,No same-day balance found; carried forward most recent observed account balance.,
2025-01-28,synthetic-demo-account-0042,Fictional Orbit Bank - Synthetic Demo Only,COP,9876543,2617.26,2617.259554,carried-forward,carried-forward,medium,fictional-orbit-q1.pdf:p1:l9,No same-day balance found; carried forward most recent observed account balance.,
2025-01-29,synthetic-demo-account-0042,Fictional Orbit Bank - Synthetic Demo Only,COP,9876543,2617.26,2617.259554,carried-forward,carried-forward,medium,fictional-orbit-q1.pdf:p1:l9,No same-day balance found; carried forward most recent observed account balance.,
2025-01-30,synthetic-demo-account-0042,Fictional Orbit Bank - Synthetic Demo Only,COP,9876543,2617.26,2617.259554,carried-forward,carried-forward,medium,fictional-orbit-q1.pdf:p1:l9,No same-day balance found; carried forward most recent observed account balance.,
2025-01-31,synthetic-demo-account-0042,Fictional Orbit Bank - Synthetic Demo Only,COP,9850000,2610.23,2610.225725,observed,transaction,high,fictional-orbit-q1.pdf:p1:l10,"Selected last monetary value on line: $9,850,000; ISO/date-first numeric date; Recognized source-bound COP Fecha Descripción Movimiento Tarjeta Débito Abono Saldo table; selected the final currency-marked Saldo value.; Whole-COP comma grouping accepted only in the confirmed, source-bound COP Saldo table context.",
2025-02-01,synthetic-demo-account-0042,Fictional Orbit Bank - Synthetic Demo Only,COP,9850000,2610.23,2610.225725,carried-forward,carried-forward,medium,fictional-orbit-q1.pdf:p1:l10,No same-day balance found; carried forward most recent observed account balance.,
2025-02-02,synthetic-demo-account-0042,Fictional Orbit Bank - Synthetic Demo Only,COP,9850000,2610.23,2610.225725,carried-forward,carried-forward,medium,fictional-orbit-q1.pdf:p1:l10,No same-day balance found; carried forward most recent observed account balance.,
2025-02-03,synthetic-demo-account-0042,Fictional Orbit Bank - Synthetic Demo Only,COP,9850000,2610.23,2610.225725,carried-forward,carried-forward,medium,fictional-orbit-q1.pdf:p1:l10,No same-day balance found; carried forward most recent observed account balance.,
2025-02-04,synthetic-demo-account-0042,Fictional Orbit Bank - Synthetic Demo Only,COP,9850000,2610.23,2610.225725,carried-forward,carried-forward,medium,fictional-orbit-q1.pdf:p1:l10,No same-day balance found; carried forward most recent observed account balance.,
2025-02-05,synthetic-demo-account-0042,Fictional Orbit Bank - Synthetic Demo Only,COP,9850000,2610.23,2610.225725,carried-forward,carried-forward,medium,fictional-orbit-q1.pdf:p1:l10,No same-day balance found; carried forward most recent observed account balance.,
2025-02-06,synthetic-demo-account-0042,Fictional Orbit Bank - Synthetic Demo Only,COP,9850000,2610.23,2610.225725,carried-forward,carried-forward,medium,fictional-orbit-q1.pdf:p1:l10,No same-day balance found; carried forward most recent observed account balance.,
2025-02-07,synthetic-demo-account-0042,Fictional Orbit Bank - Synthetic Demo Only,COP,9850000,2610.23,2610.225725,carried-forward,carried-forward,medium,fictional-orbit-q1.pdf:p1:l10,No same-day balance found; carried forward most recent observed account balance.,
2025-02-08,synthetic-demo-account-0042,Fictional Orbit Bank - Synthetic Demo Only,COP,9850000,2610.23,2610.225725,carried-forward,carried-forward,medium,fictional-orbit-q1.pdf:p1:l10,No same-day balance found; carried forward most recent observed account balance.,
2025-02-09,synthetic-demo-account-0042,Fictional Orbit Bank - Synthetic Demo Only,COP,9850000,2610.23,2610.225725,carried-forward,carried-forward,medium,fictional-orbit-q1.pdf:p1:l10,No same-day balance found; carried forward most recent observed account balance.,
2025-02-10,synthetic-demo-account-0042,Fictional Orbit Bank - Synthetic Demo Only,COP,9850000,2610.23,2610.225725,carried-forward,carried-forward,medium,fictional-orbit-q1.pdf:p1:l10,No same-day balance found; carried forward most recent observed account balance.,
2025-02-11,synthetic-demo-account-0042,Fictional Orbit Bank - Synthetic Demo Only,COP,9850000,2610.23,2610.225725,carried-forward,carried-forward,medium,fictional-orbit-q1.pdf:p1:l10,No same-day balance found; carried forward most recent observed account balance.,
2025-02-12,synthetic-demo-account-0042,Fictional Orbit Bank - Synthetic Demo Only,COP,9850000,2610.23,2610.225725,carried-forward,carried-forward,medium,fictional-orbit-q1.pdf:p1:l10,No same-day balance found; carried forward most recent observed account balance.,
2025-02-13,synthetic-demo-account-0042,Fictional Orbit Bank - Synthetic Demo Only,COP,9850000,2610.23,2610.225725,carried-forward,carried-forward,medium,fictional-orbit-q1.pdf:p1:l10,No same-day balance found; carried forward most recent observed account balance.,
2025-02-14,synthetic-demo-account-0042,Fictional Orbit Bank - Synthetic Demo Only,COP,9850000,2610.23,2610.225725,carried-forward,carried-forward,medium,fictional-orbit-q1.pdf:p1:l10,No same-day balance found; carried forward most recent observed account balance.,
2025-02-15,synthetic-demo-account-0042,Fictional Orbit Bank - Synthetic Demo Only,COP,9850000,2610.23,2610.225725,carried-forward,carried-forward,medium,fictional-orbit-q1.pdf:p1:l10,No same-day balance found; carried forward most recent observed account balance.,
2025-02-16,synthetic-demo-account-0042,Fictional Orbit Bank - Synthetic Demo Only,COP,9850000,2610.23,2610.225725,carried-forward,carried-forward,medium,fictional-orbit-q1.pdf:p1:l10,No same-day balance found; carried forward most recent observed account balance.,
2025-02-17,synthetic-demo-account-0042,Fictional Orbit Bank - Synthetic Demo Only,COP,9850000,2610.23,2610.225725,carried-forward,carried-forward,medium,fictional-orbit-q1.pdf:p1:l10,No same-day balance found; carried forward most recent observed account balance.,
2025-02-18,synthetic-demo-account-0042,Fictional Orbit Bank - Synthetic Demo Only,COP,9850000,2610.23,2610.225725,carried-forward,carried-forward,medium,fictional-orbit-q1.pdf:p1:l10,No same-day balance found; carried forward most recent observed account balance.,
2025-02-19,synthetic-demo-account-0042,Fictional Orbit Bank - Synthetic Demo Only,COP,9850000,2610.23,2610.225725,carried-forward,carried-forward,medium,fictional-orbit-q1.pdf:p1:l10,No same-day balance found; carried forward most recent observed account balance.,
2025-02-20,synthetic-demo-account-0042,Fictional Orbit Bank - Synthetic Demo Only,COP,9850000,2610.23,2610.225725,carried-forward,carried-forward,medium,fictional-orbit-q1.pdf:p1:l10,No same-day balance found; carried forward most recent observed account balance.,
2025-02-21,synthetic-demo-account-0042,Fictional Orbit Bank - Synthetic Demo Only,COP,9850000,2610.23,2610.225725,carried-forward,carried-forward,medium,fictional-orbit-q1.pdf:p1:l10,No same-day balance found; carried forward most recent observed account balance.,
2025-02-22,synthetic-demo-account-0042,Fictional Orbit Bank - Synthetic Demo Only,COP,9850000,2610.23,2610.225725,carried-forward,carried-forward,medium,fictional-orbit-q1.pdf:p1:l10,No same-day balance found; carried forward most recent observed account balance.,
2025-02-23,synthetic-demo-account-0042,Fictional Orbit Bank - Synthetic Demo Only,COP,9850000,2610.23,2610.225725,carried-forward,carried-forward,medium,fictional-orbit-q1.pdf:p1:l10,No same-day balance found; carried forward most recent observed account balance.,
2025-02-24,synthetic-demo-account-0042,Fictional Orbit Bank - Synthetic Demo Only,COP,9850000,2610.23,2610.225725,carried-forward,carried-forward,medium,fictional-orbit-q1.pdf:p1:l10,No same-day balance found; carried forward most recent observed account balance.,
2025-02-25,synthetic-demo-account-0042,Fictional Orbit Bank - Synthetic Demo Only,COP,9850000,2610.23,2610.225725,carried-forward,carried-forward,medium,fictional-orbit-q1.pdf:p1:l10,No same-day balance found; carried forward most recent observed account balance.,
2025-02-26,synthetic-demo-account-0042,Fictional Orbit Bank - Synthetic Demo Only,COP,9850000,2610.23,2610.225725,carried-forward,carried-forward,medium,fictional-orbit-q1.pdf:p1:l10,No same-day balance found; carried forward most recent observed account balance.,
2025-02-27,synthetic-demo-account-0042,Fictional Orbit Bank - Synthetic Demo Only,COP,9850000,2610.23,2610.225725,carried-forward,carried-forward,medium,fictional-orbit-q1.pdf:p1:l10,No same-day balance found; carried forward most recent observed account balance.,
2025-02-28,synthetic-demo-account-0042,Fictional Orbit Bank - Synthetic Demo Only,COP,9875000,2616.85,2616.850663,observed,transaction,high,fictional-orbit-q1.pdf:p1:l11,"Selected last monetary value on line: $9,875,000; ISO/date-first numeric date; Recognized source-bound COP Fecha Descripción Movimiento Tarjeta Débito Abono Saldo table; selected the final currency-marked Saldo value.; Whole-COP comma grouping accepted only in the confirmed, source-bound COP Saldo table context.",
2025-03-01,synthetic-demo-account-0042,Fictional Orbit Bank - Synthetic Demo Only,COP,9875000,2616.85,2616.850663,carried-forward,carried-forward,medium,fictional-orbit-q1.pdf:p1:l11,No same-day balance found; carried forward most recent observed account balance.,
2025-03-02,synthetic-demo-account-0042,Fictional Orbit Bank - Synthetic Demo Only,COP,9875000,2616.85,2616.850663,carried-forward,carried-forward,medium,fictional-orbit-q1.pdf:p1:l11,No same-day balance found; carried forward most recent observed account balance.,
2025-03-03,synthetic-demo-account-0042,Fictional Orbit Bank - Synthetic Demo Only,COP,9875000,2616.85,2616.850663,carried-forward,carried-forward,medium,fictional-orbit-q1.pdf:p1:l11,No same-day balance found; carried forward most recent observed account balance.,
2025-03-04,synthetic-demo-account-0042,Fictional Orbit Bank - Synthetic Demo Only,COP,9875000,2616.85,2616.850663,carried-forward,carried-forward,medium,fictional-orbit-q1.pdf:p1:l11,No same-day balance found; carried forward most recent observed account balance.,
2025-03-05,synthetic-demo-account-0042,Fictional Orbit Bank - Synthetic Demo Only,COP,9875000,2616.85,2616.850663,carried-forward,carried-forward,medium,fictional-orbit-q1.pdf:p1:l11,No same-day balance found; carried forward most recent observed account balance.,
2025-03-06,synthetic-demo-account-0042,Fictional Orbit Bank - Synthetic Demo Only,COP,9875000,2616.85,2616.850663,carried-forward,carried-forward,medium,fictional-orbit-q1.pdf:p1:l11,No same-day balance found; carried forward most recent observed account balance.,
2025-03-07,synthetic-demo-account-0042,Fictional Orbit Bank - Synthetic Demo Only,COP,9875000,2616.85,2616.850663,carried-forward,carried-forward,medium,fictional-orbit-q1.pdf:p1:l11,No same-day balance found; carried forward most recent observed account balance.,
2025-03-08,synthetic-demo-account-0042,Fictional Orbit Bank - Synthetic Demo Only,COP,9875000,2616.85,2616.850663,carried-forward,carried-forward,medium,fictional-orbit-q1.pdf:p1:l11,No same-day balance found; carried forward most recent observed account balance.,
2025-03-09,synthetic-demo-account-0042,Fictional Orbit Bank - Synthetic Demo Only,COP,9875000,2616.85,2616.850663,carried-forward,carried-forward,medium,fictional-orbit-q1.pdf:p1:l11,No same-day balance found; carried forward most recent observed account balance.,
2025-03-10,synthetic-demo-account-0042,Fictional Orbit Bank - Synthetic Demo Only,COP,9875000,2616.85,2616.850663,carried-forward,carried-forward,medium,fictional-orbit-q1.pdf:p1:l11,No same-day balance found; carried forward most recent observed account balance.,
2025-03-11,synthetic-demo-account-0042,Fictional Orbit Bank - Synthetic Demo Only,COP,9875000,2616.85,2616.850663,carried-forward,carried-forward,medium,fictional-orbit-q1.pdf:p1:l11,No same-day balance found; carried forward most recent observed account balance.,
2025-03-12,synthetic-demo-account-0042,Fictional Orbit Bank - Synthetic Demo Only,COP,9875000,2616.85,2616.850663,carried-forward,carried-forward,medium,fictional-orbit-q1.pdf:p1:l11,No same-day balance found; carried forward most recent observed account balance.,
2025-03-13,synthetic-demo-account-0042,Fictional Orbit Bank - Synthetic Demo Only,COP,9875000,2616.85,2616.850663,carried-forward,carried-forward,medium,fictional-orbit-q1.pdf:p1:l11,No same-day balance found; carried forward most recent observed account balance.,
2025-03-14,synthetic-demo-account-0042,Fictional Orbit Bank - Synthetic Demo Only,COP,9875000,2616.85,2616.850663,carried-forward,carried-forward,medium,fictional-orbit-q1.pdf:p1:l11,No same-day balance found; carried forward most recent observed account balance.,
2025-03-15,synthetic-demo-account-0042,Fictional Orbit Bank - Synthetic Demo Only,COP,9875000,2616.85,2616.850663,carried-forward,carried-forward,medium,fictional-orbit-q1.pdf:p1:l11,No same-day balance found; carried forward most recent observed account balance.,
2025-03-16,synthetic-demo-account-0042,Fictional Orbit Bank - Synthetic Demo Only,COP,9875000,2616.85,2616.850663,carried-forward,carried-forward,medium,fictional-orbit-q1.pdf:p1:l11,No same-day balance found; carried forward most recent observed account balance.,
2025-03-17,synthetic-demo-account-0042,Fictional Orbit Bank - Synthetic Demo Only,COP,9875000,2616.85,2616.850663,carried-forward,carried-forward,medium,fictional-orbit-q1.pdf:p1:l11,No same-day balance found; carried forward most recent observed account balance.,
2025-03-18,synthetic-demo-account-0042,Fictional Orbit Bank - Synthetic Demo Only,COP,9875000,2616.85,2616.850663,carried-forward,carried-forward,medium,fictional-orbit-q1.pdf:p1:l11,No same-day balance found; carried forward most recent observed account balance.,
2025-03-19,synthetic-demo-account-0042,Fictional Orbit Bank - Synthetic Demo Only,COP,9875000,2616.85,2616.850663,carried-forward,carried-forward,medium,fictional-orbit-q1.pdf:p1:l11,No same-day balance found; carried forward most recent observed account balance.,
2025-03-20,synthetic-demo-account-0042,Fictional Orbit Bank - Synthetic Demo Only,COP,9875000,2616.85,2616.850663,carried-forward,carried-forward,medium,fictional-orbit-q1.pdf:p1:l11,No same-day balance found; carried forward most recent observed account balance.,
2025-03-21,synthetic-demo-account-0042,Fictional Orbit Bank - Synthetic Demo Only,COP,9875000,2616.85,2616.850663,carried-forward,carried-forward,medium,fictional-orbit-q1.pdf:p1:l11,No same-day balance found; carried forward most recent observed account balance.,
2025-03-22,synthetic-demo-account-0042,Fictional Orbit Bank - Synthetic Demo Only,COP,9875000,2616.85,2616.850663,carried-forward,carried-forward,medium,fictional-orbit-q1.pdf:p1:l11,No same-day balance found; carried forward most recent observed account balance.,
2025-03-23,synthetic-demo-account-0042,Fictional Orbit Bank - Synthetic Demo Only,COP,9875000,2616.85,2616.850663,carried-forward,carried-forward,medium,fictional-orbit-q1.pdf:p1:l11,No same-day balance found; carried forward most recent observed account balance.,
2025-03-24,synthetic-demo-account-0042,Fictional Orbit Bank - Synthetic Demo Only,COP,9875000,2616.85,2616.850663,carried-forward,carried-forward,medium,fictional-orbit-q1.pdf:p1:l11,No same-day balance found; carried forward most recent observed account balance.,
2025-03-25,synthetic-demo-account-0042,Fictional Orbit Bank - Synthetic Demo Only,COP,9875000,2616.85,2616.850663,carried-forward,carried-forward,medium,fictional-orbit-q1.pdf:p1:l11,No same-day balance found; carried forward most recent observed account balance.,
2025-03-26,synthetic-demo-account-0042,Fictional Orbit Bank - Synthetic Demo Only,COP,9875000,2616.85,2616.850663,carried-forward,carried-forward,medium,fictional-orbit-q1.pdf:p1:l11,No same-day balance found; carried forward most recent observed account balance.,
2025-03-27,synthetic-demo-account-0042,Fictional Orbit Bank - Synthetic Demo Only,COP,9875000,2616.85,2616.850663,carried-forward,carried-forward,medium,fictional-orbit-q1.pdf:p1:l11,No same-day balance found; carried forward most recent observed account balance.,
2025-03-28,synthetic-demo-account-0042,Fictional Orbit Bank - Synthetic Demo Only,COP,9875000,2616.85,2616.850663,carried-forward,carried-forward,medium,fictional-orbit-q1.pdf:p1:l11,No same-day balance found; carried forward most recent observed account balance.,
2025-03-29,synthetic-demo-account-0042,Fictional Orbit Bank - Synthetic Demo Only,COP,9875000,2616.85,2616.850663,carried-forward,carried-forward,medium,fictional-orbit-q1.pdf:p1:l11,No same-day balance found; carried forward most recent observed account balance.,
2025-03-30,synthetic-demo-account-0042,Fictional Orbit Bank - Synthetic Demo Only,COP,9875000,2616.85,2616.850663,carried-forward,carried-forward,medium,fictional-orbit-q1.pdf:p1:l11,No same-day balance found; carried forward most recent observed account balance.,
2025-03-31,synthetic-demo-account-0042,Fictional Orbit Bank - Synthetic Demo Only,COP,9900000,2623.48,2623.475602,observed,transaction,high,fictional-orbit-q1.pdf:p1:l12,"Selected last monetary value on line: $9,900,000; ISO/date-first numeric date; Recognized source-bound COP Fecha Descripción Movimiento Tarjeta Débito Abono Saldo table; selected the final currency-marked Saldo value.; Whole-COP comma grouping accepted only in the confirmed, source-bound COP Saldo table context.",
2025-04-01,synthetic-demo-account-0042,Fictional Orbit Bank - Synthetic Demo Only,COP,9950000,2636.73,2636.725478,observed,transaction,high,fictional-orbit-q2.pdf:p1:l8,"Selected last monetary value on line: $9,950,000; ISO/date-first numeric date; Recognized source-bound COP Fecha Descripción Movimiento Tarjeta Débito Abono Saldo table; selected the final currency-marked Saldo value.; Whole-COP comma grouping accepted only in the confirmed, source-bound COP Saldo table context.",
2025-04-02,synthetic-demo-account-0042,Fictional Orbit Bank - Synthetic Demo Only,COP,9950000,2636.73,2636.725478,carried-forward,carried-forward,medium,fictional-orbit-q2.pdf:p1:l8,No same-day balance found; carried forward most recent observed account balance.,
2025-04-03,synthetic-demo-account-0042,Fictional Orbit Bank - Synthetic Demo Only,COP,9950000,2636.73,2636.725478,carried-forward,carried-forward,medium,fictional-orbit-q2.pdf:p1:l8,No same-day balance found; carried forward most recent observed account balance.,
2025-04-04,synthetic-demo-account-0042,Fictional Orbit Bank - Synthetic Demo Only,COP,9950000,2636.73,2636.725478,carried-forward,carried-forward,medium,fictional-orbit-q2.pdf:p1:l8,No same-day balance found; carried forward most recent observed account balance.,
2025-04-05,synthetic-demo-account-0042,Fictional Orbit Bank - Synthetic Demo Only,COP,9950000,2636.73,2636.725478,carried-forward,carried-forward,medium,fictional-orbit-q2.pdf:p1:l8,No same-day balance found; carried forward most recent observed account balance.,
2025-04-06,synthetic-demo-account-0042,Fictional Orbit Bank - Synthetic Demo Only,COP,9950000,2636.73,2636.725478,carried-forward,carried-forward,medium,fictional-orbit-q2.pdf:p1:l8,No same-day balance found; carried forward most recent observed account balance.,
2025-04-07,synthetic-demo-account-0042,Fictional Orbit Bank - Synthetic Demo Only,COP,9950000,2636.73,2636.725478,carried-forward,carried-forward,medium,fictional-orbit-q2.pdf:p1:l8,No same-day balance found; carried forward most recent observed account balance.,
2025-04-08,synthetic-demo-account-0042,Fictional Orbit Bank - Synthetic Demo Only,COP,9950000,2636.73,2636.725478,carried-forward,carried-forward,medium,fictional-orbit-q2.pdf:p1:l8,No same-day balance found; carried forward most recent observed account balance.,
2025-04-09,synthetic-demo-account-0042,Fictional Orbit Bank - Synthetic Demo Only,COP,9950000,2636.73,2636.725478,carried-forward,carried-forward,medium,fictional-orbit-q2.pdf:p1:l8,No same-day balance found; carried forward most recent observed account balance.,
2025-04-10,synthetic-demo-account-0042,Fictional Orbit Bank - Synthetic Demo Only,COP,9950000,2636.73,2636.725478,carried-forward,carried-forward,medium,fictional-orbit-q2.pdf:p1:l8,No same-day balance found; carried forward most recent observed account balance.,
2025-04-11,synthetic-demo-account-0042,Fictional Orbit Bank - Synthetic Demo Only,COP,9950000,2636.73,2636.725478,carried-forward,carried-forward,medium,fictional-orbit-q2.pdf:p1:l8,No same-day balance found; carried forward most recent observed account balance.,
2025-04-12,synthetic-demo-account-0042,Fictional Orbit Bank - Synthetic Demo Only,COP,9950000,2636.73,2636.725478,carried-forward,carried-forward,medium,fictional-orbit-q2.pdf:p1:l8,No same-day balance found; carried forward most recent observed account balance.,
2025-04-13,synthetic-demo-account-0042,Fictional Orbit Bank - Synthetic Demo Only,COP,9950000,2636.73,2636.725478,carried-forward,carried-forward,medium,fictional-orbit-q2.pdf:p1:l8,No same-day balance found; carried forward most recent observed account balance.,
2025-04-14,synthetic-demo-account-0042,Fictional Orbit Bank - Synthetic Demo Only,COP,9950000,2636.73,2636.725478,carried-forward,carried-forward,medium,fictional-orbit-q2.pdf:p1:l8,No same-day balance found; carried forward most recent observed account balance.,
2025-04-15,synthetic-demo-account-0042,Fictional Orbit Bank - Synthetic Demo Only,COP,9950000,2636.73,2636.725478,carried-forward,carried-forward,medium,fictional-orbit-q2.pdf:p1:l8,No same-day balance found; carried forward most recent observed account balance.,
2025-04-16,synthetic-demo-account-0042,Fictional Orbit Bank - Synthetic Demo Only,COP,9950000,2636.73,2636.725478,carried-forward,carried-forward,medium,fictional-orbit-q2.pdf:p1:l8,No same-day balance found; carried forward most recent observed account balance.,
2025-04-17,synthetic-demo-account-0042,Fictional Orbit Bank - Synthetic Demo Only,COP,9950000,2636.73,2636.725478,carried-forward,carried-forward,medium,fictional-orbit-q2.pdf:p1:l8,No same-day balance found; carried forward most recent observed account balance.,
2025-04-18,synthetic-demo-account-0042,Fictional Orbit Bank - Synthetic Demo Only,COP,9950000,2636.73,2636.725478,carried-forward,carried-forward,medium,fictional-orbit-q2.pdf:p1:l8,No same-day balance found; carried forward most recent observed account balance.,
2025-04-19,synthetic-demo-account-0042,Fictional Orbit Bank - Synthetic Demo Only,COP,9950000,2636.73,2636.725478,carried-forward,carried-forward,medium,fictional-orbit-q2.pdf:p1:l8,No same-day balance found; carried forward most recent observed account balance.,
2025-04-20,synthetic-demo-account-0042,Fictional Orbit Bank - Synthetic Demo Only,COP,9950000,2636.73,2636.725478,carried-forward,carried-forward,medium,fictional-orbit-q2.pdf:p1:l8,No same-day balance found; carried forward most recent observed account balance.,
2025-04-21,synthetic-demo-account-0042,Fictional Orbit Bank - Synthetic Demo Only,COP,9950000,2636.73,2636.725478,carried-forward,carried-forward,medium,fictional-orbit-q2.pdf:p1:l8,No same-day balance found; carried forward most recent observed account balance.,
2025-04-22,synthetic-demo-account-0042,Fictional Orbit Bank - Synthetic Demo Only,COP,9950000,2636.73,2636.725478,carried-forward,carried-forward,medium,fictional-orbit-q2.pdf:p1:l8,No same-day balance found; carried forward most recent observed account balance.,
2025-04-23,synthetic-demo-account-0042,Fictional Orbit Bank - Synthetic Demo Only,COP,9950000,2636.73,2636.725478,carried-forward,carried-forward,medium,fictional-orbit-q2.pdf:p1:l8,No same-day balance found; carried forward most recent observed account balance.,
2025-04-24,synthetic-demo-account-0042,Fictional Orbit Bank - Synthetic Demo Only,COP,9950000,2636.73,2636.725478,carried-forward,carried-forward,medium,fictional-orbit-q2.pdf:p1:l8,No same-day balance found; carried forward most recent observed account balance.,
2025-04-25,synthetic-demo-account-0042,Fictional Orbit Bank - Synthetic Demo Only,COP,9950000,2636.73,2636.725478,carried-forward,carried-forward,medium,fictional-orbit-q2.pdf:p1:l8,No same-day balance found; carried forward most recent observed account balance.,
2025-04-26,synthetic-demo-account-0042,Fictional Orbit Bank - Synthetic Demo Only,COP,9950000,2636.73,2636.725478,carried-forward,carried-forward,medium,fictional-orbit-q2.pdf:p1:l8,No same-day balance found; carried forward most recent observed account balance.,
2025-04-27,synthetic-demo-account-0042,Fictional Orbit Bank - Synthetic Demo Only,COP,9950000,2636.73,2636.725478,carried-forward,carried-forward,medium,fictional-orbit-q2.pdf:p1:l8,No same-day balance found; carried forward most recent observed account balance.,
2025-04-28,synthetic-demo-account-0042,Fictional Orbit Bank - Synthetic Demo Only,COP,9950000,2636.73,2636.725478,carried-forward,carried-forward,medium,fictional-orbit-q2.pdf:p1:l8,No same-day balance found; carried forward most recent observed account balance.,
2025-04-29,synthetic-demo-account-0042,Fictional Orbit Bank - Synthetic Demo Only,COP,9950000,2636.73,2636.725478,carried-forward,carried-forward,medium,fictional-orbit-q2.pdf:p1:l8,No same-day balance found; carried forward most recent observed account balance.,
2025-04-30,synthetic-demo-account-0042,Fictional Orbit Bank - Synthetic Demo Only,COP,9930000,2631.43,2631.425528,observed,transaction,high,fictional-orbit-q2.pdf:p1:l9,"Selected last monetary value on line: $9,930,000; ISO/date-first numeric date; Recognized source-bound COP Fecha Descripción Movimiento Tarjeta Débito Abono Saldo table; selected the final currency-marked Saldo value.; Whole-COP comma grouping accepted only in the confirmed, source-bound COP Saldo table context.",
2025-05-01,synthetic-demo-account-0042,Fictional Orbit Bank - Synthetic Demo Only,COP,9930000,2631.43,2631.425528,carried-forward,carried-forward,medium,fictional-orbit-q2.pdf:p1:l9,No same-day balance found; carried forward most recent observed account balance.,
2025-05-02,synthetic-demo-account-0042,Fictional Orbit Bank - Synthetic Demo Only,COP,9930000,2631.43,2631.425528,carried-forward,carried-forward,medium,fictional-orbit-q2.pdf:p1:l9,No same-day balance found; carried forward most recent observed account balance.,
2025-05-03,synthetic-demo-account-0042,Fictional Orbit Bank - Synthetic Demo Only,COP,9930000,2631.43,2631.425528,carried-forward,carried-forward,medium,fictional-orbit-q2.pdf:p1:l9,No same-day balance found; carried forward most recent observed account balance.,
2025-05-04,synthetic-demo-account-0042,Fictional Orbit Bank - Synthetic Demo Only,COP,9930000,2631.43,2631.425528,carried-forward,carried-forward,medium,fictional-orbit-q2.pdf:p1:l9,No same-day balance found; carried forward most recent observed account balance.,
2025-05-05,synthetic-demo-account-0042,Fictional Orbit Bank - Synthetic Demo Only,COP,9930000,2631.43,2631.425528,carried-forward,carried-forward,medium,fictional-orbit-q2.pdf:p1:l9,No same-day balance found; carried forward most recent observed account balance.,
2025-05-06,synthetic-demo-account-0042,Fictional Orbit Bank - Synthetic Demo Only,COP,9930000,2631.43,2631.425528,carried-forward,carried-forward,medium,fictional-orbit-q2.pdf:p1:l9,No same-day balance found; carried forward most recent observed account balance.,
2025-05-07,synthetic-demo-account-0042,Fictional Orbit Bank - Synthetic Demo Only,COP,9930000,2631.43,2631.425528,carried-forward,carried-forward,medium,fictional-orbit-q2.pdf:p1:l9,No same-day balance found; carried forward most recent observed account balance.,
2025-05-08,synthetic-demo-account-0042,Fictional Orbit Bank - Synthetic Demo Only,COP,9930000,2631.43,2631.425528,carried-forward,carried-forward,medium,fictional-orbit-q2.pdf:p1:l9,No same-day balance found; carried forward most recent observed account balance.,
2025-05-09,synthetic-demo-account-0042,Fictional Orbit Bank - Synthetic Demo Only,COP,9930000,2631.43,2631.425528,carried-forward,carried-forward,medium,fictional-orbit-q2.pdf:p1:l9,No same-day balance found; carried forward most recent observed account balance.,
2025-05-10,synthetic-demo-account-0042,Fictional Orbit Bank - Synthetic Demo Only,COP,9930000,2631.43,2631.425528,carried-forward,carried-forward,medium,fictional-orbit-q2.pdf:p1:l9,No same-day balance found; carried forward most recent observed account balance.,
2025-05-11,synthetic-demo-account-0042,Fictional Orbit Bank - Synthetic Demo Only,COP,9930000,2631.43,2631.425528,carried-forward,carried-forward,medium,fictional-orbit-q2.pdf:p1:l9,No same-day balance found; carried forward most recent observed account balance.,
2025-05-12,synthetic-demo-account-0042,Fictional Orbit Bank - Synthetic Demo Only,COP,9930000,2631.43,2631.425528,carried-forward,carried-forward,medium,fictional-orbit-q2.pdf:p1:l9,No same-day balance found; carried forward most recent observed account balance.,
2025-05-13,synthetic-demo-account-0042,Fictional Orbit Bank - Synthetic Demo Only,COP,9930000,2631.43,2631.425528,carried-forward,carried-forward,medium,fictional-orbit-q2.pdf:p1:l9,No same-day balance found; carried forward most recent observed account balance.,
2025-05-14,synthetic-demo-account-0042,Fictional Orbit Bank - Synthetic Demo Only,COP,9930000,2631.43,2631.425528,carried-forward,carried-forward,medium,fictional-orbit-q2.pdf:p1:l9,No same-day balance found; carried forward most recent observed account balance.,
2025-05-15,synthetic-demo-account-0042,Fictional Orbit Bank - Synthetic Demo Only,COP,9930000,2631.43,2631.425528,carried-forward,carried-forward,medium,fictional-orbit-q2.pdf:p1:l9,No same-day balance found; carried forward most recent observed account balance.,
2025-05-16,synthetic-demo-account-0042,Fictional Orbit Bank - Synthetic Demo Only,COP,9930000,2631.43,2631.425528,carried-forward,carried-forward,medium,fictional-orbit-q2.pdf:p1:l9,No same-day balance found; carried forward most recent observed account balance.,
2025-05-17,synthetic-demo-account-0042,Fictional Orbit Bank - Synthetic Demo Only,COP,9930000,2631.43,2631.425528,carried-forward,carried-forward,medium,fictional-orbit-q2.pdf:p1:l9,No same-day balance found; carried forward most recent observed account balance.,
2025-05-18,synthetic-demo-account-0042,Fictional Orbit Bank - Synthetic Demo Only,COP,9930000,2631.43,2631.425528,carried-forward,carried-forward,medium,fictional-orbit-q2.pdf:p1:l9,No same-day balance found; carried forward most recent observed account balance.,
2025-05-19,synthetic-demo-account-0042,Fictional Orbit Bank - Synthetic Demo Only,COP,9930000,2631.43,2631.425528,carried-forward,carried-forward,medium,fictional-orbit-q2.pdf:p1:l9,No same-day balance found; carried forward most recent observed account balance.,
2025-05-20,synthetic-demo-account-0042,Fictional Orbit Bank - Synthetic Demo Only,COP,9930000,2631.43,2631.425528,carried-forward,carried-forward,medium,fictional-orbit-q2.pdf:p1:l9,No same-day balance found; carried forward most recent observed account balance.,
2025-05-21,synthetic-demo-account-0042,Fictional Orbit Bank - Synthetic Demo Only,COP,9930000,2631.43,2631.425528,carried-forward,carried-forward,medium,fictional-orbit-q2.pdf:p1:l9,No same-day balance found; carried forward most recent observed account balance.,
2025-05-22,synthetic-demo-account-0042,Fictional Orbit Bank - Synthetic Demo Only,COP,9930000,2631.43,2631.425528,carried-forward,carried-forward,medium,fictional-orbit-q2.pdf:p1:l9,No same-day balance found; carried forward most recent observed account balance.,
2025-05-23,synthetic-demo-account-0042,Fictional Orbit Bank - Synthetic Demo Only,COP,9930000,2631.43,2631.425528,carried-forward,carried-forward,medium,fictional-orbit-q2.pdf:p1:l9,No same-day balance found; carried forward most recent observed account balance.,
2025-05-24,synthetic-demo-account-0042,Fictional Orbit Bank - Synthetic Demo Only,COP,9930000,2631.43,2631.425528,carried-forward,carried-forward,medium,fictional-orbit-q2.pdf:p1:l9,No same-day balance found; carried forward most recent observed account balance.,
2025-05-25,synthetic-demo-account-0042,Fictional Orbit Bank - Synthetic Demo Only,COP,9930000,2631.43,2631.425528,carried-forward,carried-forward,medium,fictional-orbit-q2.pdf:p1:l9,No same-day balance found; carried forward most recent observed account balance.,
2025-05-26,synthetic-demo-account-0042,Fictional Orbit Bank - Synthetic Demo Only,COP,9930000,2631.43,2631.425528,carried-forward,carried-forward,medium,fictional-orbit-q2.pdf:p1:l9,No same-day balance found; carried forward most recent observed account balance.,
2025-05-27,synthetic-demo-account-0042,Fictional Orbit Bank - Synthetic Demo Only,COP,9930000,2631.43,2631.425528,carried-forward,carried-forward,medium,fictional-orbit-q2.pdf:p1:l9,No same-day balance found; carried forward most recent observed account balance.,
2025-05-28,synthetic-demo-account-0042,Fictional Orbit Bank - Synthetic Demo Only,COP,9930000,2631.43,2631.425528,carried-forward,carried-forward,medium,fictional-orbit-q2.pdf:p1:l9,No same-day balance found; carried forward most recent observed account balance.,
2025-05-29,synthetic-demo-account-0042,Fictional Orbit Bank - Synthetic Demo Only,COP,9930000,2631.43,2631.425528,carried-forward,carried-forward,medium,fictional-orbit-q2.pdf:p1:l9,No same-day balance found; carried forward most recent observed account balance.,
2025-05-30,synthetic-demo-account-0042,Fictional Orbit Bank - Synthetic Demo Only,COP,9930000,2631.43,2631.425528,carried-forward,carried-forward,medium,fictional-orbit-q2.pdf:p1:l9,No same-day balance found; carried forward most recent observed account balance.,
2025-05-31,synthetic-demo-account-0042,Fictional Orbit Bank - Synthetic Demo Only,COP,9940000,2634.08,2634.075503,observed,transaction,high,fictional-orbit-q2.pdf:p1:l10,"Selected last monetary value on line: $9,940,000; ISO/date-first numeric date; Recognized source-bound COP Fecha Descripción Movimiento Tarjeta Débito Abono Saldo table; selected the final currency-marked Saldo value.; Whole-COP comma grouping accepted only in the confirmed, source-bound COP Saldo table context.",
2025-06-01,synthetic-demo-account-0042,Fictional Orbit Bank - Synthetic Demo Only,COP,9940000,2634.08,2634.075503,carried-forward,carried-forward,medium,fictional-orbit-q2.pdf:p1:l10,No same-day balance found; carried forward most recent observed account balance.,
2025-06-02,synthetic-demo-account-0042,Fictional Orbit Bank - Synthetic Demo Only,COP,9940000,2634.08,2634.075503,carried-forward,carried-forward,medium,fictional-orbit-q2.pdf:p1:l10,No same-day balance found; carried forward most recent observed account balance.,
2025-06-03,synthetic-demo-account-0042,Fictional Orbit Bank - Synthetic Demo Only,COP,9940000,2634.08,2634.075503,carried-forward,carried-forward,medium,fictional-orbit-q2.pdf:p1:l10,No same-day balance found; carried forward most recent observed account balance.,
2025-06-04,synthetic-demo-account-0042,Fictional Orbit Bank - Synthetic Demo Only,COP,9940000,2634.08,2634.075503,carried-forward,carried-forward,medium,fictional-orbit-q2.pdf:p1:l10,No same-day balance found; carried forward most recent observed account balance.,
2025-06-05,synthetic-demo-account-0042,Fictional Orbit Bank - Synthetic Demo Only,COP,9940000,2634.08,2634.075503,carried-forward,carried-forward,medium,fictional-orbit-q2.pdf:p1:l10,No same-day balance found; carried forward most recent observed account balance.,
2025-06-06,synthetic-demo-account-0042,Fictional Orbit Bank - Synthetic Demo Only,COP,9940000,2634.08,2634.075503,carried-forward,carried-forward,medium,fictional-orbit-q2.pdf:p1:l10,No same-day balance found; carried forward most recent observed account balance.,
2025-06-07,synthetic-demo-account-0042,Fictional Orbit Bank - Synthetic Demo Only,COP,9940000,2634.08,2634.075503,carried-forward,carried-forward,medium,fictional-orbit-q2.pdf:p1:l10,No same-day balance found; carried forward most recent observed account balance.,
2025-06-08,synthetic-demo-account-0042,Fictional Orbit Bank - Synthetic Demo Only,COP,9940000,2634.08,2634.075503,carried-forward,carried-forward,medium,fictional-orbit-q2.pdf:p1:l10,No same-day balance found; carried forward most recent observed account balance.,
2025-06-09,synthetic-demo-account-0042,Fictional Orbit Bank - Synthetic Demo Only,COP,9940000,2634.08,2634.075503,carried-forward,carried-forward,medium,fictional-orbit-q2.pdf:p1:l10,No same-day balance found; carried forward most recent observed account balance.,
2025-06-10,synthetic-demo-account-0042,Fictional Orbit Bank - Synthetic Demo Only,COP,9940000,2634.08,2634.075503,carried-forward,carried-forward,medium,fictional-orbit-q2.pdf:p1:l10,No same-day balance found; carried forward most recent observed account balance.,
2025-06-11,synthetic-demo-account-0042,Fictional Orbit Bank - Synthetic Demo Only,COP,9940000,2634.08,2634.075503,carried-forward,carried-forward,medium,fictional-orbit-q2.pdf:p1:l10,No same-day balance found; carried forward most recent observed account balance.,
2025-06-12,synthetic-demo-account-0042,Fictional Orbit Bank - Synthetic Demo Only,COP,9940000,2634.08,2634.075503,carried-forward,carried-forward,medium,fictional-orbit-q2.pdf:p1:l10,No same-day balance found; carried forward most recent observed account balance.,
2025-06-13,synthetic-demo-account-0042,Fictional Orbit Bank - Synthetic Demo Only,COP,9940000,2634.08,2634.075503,carried-forward,carried-forward,medium,fictional-orbit-q2.pdf:p1:l10,No same-day balance found; carried forward most recent observed account balance.,
2025-06-14,synthetic-demo-account-0042,Fictional Orbit Bank - Synthetic Demo Only,COP,9940000,2634.08,2634.075503,carried-forward,carried-forward,medium,fictional-orbit-q2.pdf:p1:l10,No same-day balance found; carried forward most recent observed account balance.,
2025-06-15,synthetic-demo-account-0042,Fictional Orbit Bank - Synthetic Demo Only,COP,9925000,2630.1,2630.10054,observed,transaction,high,fictional-orbit-q2.pdf:p1:l11,"Selected last monetary value on line: $9,925,000; ISO/date-first numeric date; Recognized source-bound COP Fecha Descripción Movimiento Tarjeta Débito Abono Saldo table; selected the final currency-marked Saldo value.; Whole-COP comma grouping accepted only in the confirmed, source-bound COP Saldo table context.",
2025-06-16,synthetic-demo-account-0042,Fictional Orbit Bank - Synthetic Demo Only,COP,9925000,2630.1,2630.10054,carried-forward,carried-forward,medium,fictional-orbit-q2.pdf:p1:l11,No same-day balance found; carried forward most recent observed account balance.,
2025-06-17,synthetic-demo-account-0042,Fictional Orbit Bank - Synthetic Demo Only,COP,9925000,2630.1,2630.10054,carried-forward,carried-forward,medium,fictional-orbit-q2.pdf:p1:l11,No same-day balance found; carried forward most recent observed account balance.,
2025-06-18,synthetic-demo-account-0042,Fictional Orbit Bank - Synthetic Demo Only,COP,9925000,2630.1,2630.10054,carried-forward,carried-forward,medium,fictional-orbit-q2.pdf:p1:l11,No same-day balance found; carried forward most recent observed account balance.,
2025-06-19,synthetic-demo-account-0042,Fictional Orbit Bank - Synthetic Demo Only,COP,9925000,2630.1,2630.10054,carried-forward,carried-forward,medium,fictional-orbit-q2.pdf:p1:l11,No same-day balance found; carried forward most recent observed account balance.,
2025-06-20,synthetic-demo-account-0042,Fictional Orbit Bank - Synthetic Demo Only,COP,9925000,2630.1,2630.10054,carried-forward,carried-forward,medium,fictional-orbit-q2.pdf:p1:l11,No same-day balance found; carried forward most recent observed account balance.,
2025-06-21,synthetic-demo-account-0042,Fictional Orbit Bank - Synthetic Demo Only,COP,9925000,2630.1,2630.10054,carried-forward,carried-forward,medium,fictional-orbit-q2.pdf:p1:l11,No same-day balance found; carried forward most recent observed account balance.,
2025-06-22,synthetic-demo-account-0042,Fictional Orbit Bank - Synthetic Demo Only,COP,9925000,2630.1,2630.10054,carried-forward,carried-forward,medium,fictional-orbit-q2.pdf:p1:l11,No same-day balance found; carried forward most recent observed account balance.,
2025-06-23,synthetic-demo-account-0042,Fictional Orbit Bank - Synthetic Demo Only,COP,9925000,2630.1,2630.10054,carried-forward,carried-forward,medium,fictional-orbit-q2.pdf:p1:l11,No same-day balance found; carried forward most recent observed account balance.,
2025-06-24,synthetic-demo-account-0042,Fictional Orbit Bank - Synthetic Demo Only,COP,9925000,2630.1,2630.10054,carried-forward,carried-forward,medium,fictional-orbit-q2.pdf:p1:l11,No same-day balance found; carried forward most recent observed account balance.,
2025-06-25,synthetic-demo-account-0042,Fictional Orbit Bank - Synthetic Demo Only,COP,9925000,2630.1,2630.10054,carried-forward,carried-forward,medium,fictional-orbit-q2.pdf:p1:l11,No same-day balance found; carried forward most recent observed account balance.,
2025-06-26,synthetic-demo-account-0042,Fictional Orbit Bank - Synthetic Demo Only,COP,9925000,2630.1,2630.10054,carried-forward,carried-forward,medium,fictional-orbit-q2.pdf:p1:l11,No same-day balance found; carried forward most recent observed account balance.,
2025-06-27,synthetic-demo-account-0042,Fictional Orbit Bank - Synthetic Demo Only,COP,9925000,2630.1,2630.10054,carried-forward,carried-forward,medium,fictional-orbit-q2.pdf:p1:l11,No same-day balance found; carried forward most recent observed account balance.,
2025-06-28,synthetic-demo-account-0042,Fictional Orbit Bank - Synthetic Demo Only,COP,9925000,2630.1,2630.10054,carried-forward,carried-forward,medium,fictional-orbit-q2.pdf:p1:l11,No same-day balance found; carried forward most recent observed account balance.,
2025-06-29,synthetic-demo-account-0042,Fictional Orbit Bank - Synthetic Demo Only,COP,9925000,2630.1,2630.10054,carried-forward,carried-forward,medium,fictional-orbit-q2.pdf:p1:l11,No same-day balance found; carried forward most recent observed account balance.,
2025-06-30,synthetic-demo-account-0042,Fictional Orbit Bank - Synthetic Demo Only,COP,9960000,2639.38,2639.375454,observed,transaction,high,fictional-orbit-q2.pdf:p1:l12,"Selected last monetary value on line: $9,960,000; ISO/date-first numeric date; Recognized source-bound COP Fecha Descripción Movimiento Tarjeta Débito Abono Saldo table; selected the final currency-marked Saldo value.; Whole-COP comma grouping accepted only in the confirmed, source-bound COP Saldo table context.",
2025-07-01,synthetic-demo-account-0042,Fictional Orbit Bank - Synthetic Demo Only,COP,9975000,2643.35,2643.350417,observed,transaction,high,fictional-orbit-q3.pdf:p1:l8,"Selected last monetary value on line: $9,975,000; ISO/date-first numeric date; Recognized source-bound COP Fecha Descripción Movimiento Tarjeta Débito Abono Saldo table; selected the final currency-marked Saldo value.; Whole-COP comma grouping accepted only in the confirmed, source-bound COP Saldo table context.",
2025-07-02,synthetic-demo-account-0042,Fictional Orbit Bank - Synthetic Demo Only,COP,9975000,2643.35,2643.350417,carried-forward,carried-forward,medium,fictional-orbit-q3.pdf:p1:l8,No same-day balance found; carried forward most recent observed account balance.,
2025-07-03,synthetic-demo-account-0042,Fictional Orbit Bank - Synthetic Demo Only,COP,9975000,2643.35,2643.350417,carried-forward,carried-forward,medium,fictional-orbit-q3.pdf:p1:l8,No same-day balance found; carried forward most recent observed account balance.,
2025-07-04,synthetic-demo-account-0042,Fictional Orbit Bank - Synthetic Demo Only,COP,9975000,2643.35,2643.350417,carried-forward,carried-forward,medium,fictional-orbit-q3.pdf:p1:l8,No same-day balance found; carried forward most recent observed account balance.,
2025-07-05,synthetic-demo-account-0042,Fictional Orbit Bank - Synthetic Demo Only,COP,9975000,2643.35,2643.350417,carried-forward,carried-forward,medium,fictional-orbit-q3.pdf:p1:l8,No same-day balance found; carried forward most recent observed account balance.,
2025-07-06,synthetic-demo-account-0042,Fictional Orbit Bank - Synthetic Demo Only,COP,9975000,2643.35,2643.350417,carried-forward,carried-forward,medium,fictional-orbit-q3.pdf:p1:l8,No same-day balance found; carried forward most recent observed account balance.,
2025-07-07,synthetic-demo-account-0042,Fictional Orbit Bank - Synthetic Demo Only,COP,9975000,2643.35,2643.350417,carried-forward,carried-forward,medium,fictional-orbit-q3.pdf:p1:l8,No same-day balance found; carried forward most recent observed account balance.,
2025-07-08,synthetic-demo-account-0042,Fictional Orbit Bank - Synthetic Demo Only,COP,9975000,2643.35,2643.350417,carried-forward,carried-forward,medium,fictional-orbit-q3.pdf:p1:l8,No same-day balance found; carried forward most recent observed account balance.,
2025-07-09,synthetic-demo-account-0042,Fictional Orbit Bank - Synthetic Demo Only,COP,9975000,2643.35,2643.350417,carried-forward,carried-forward,medium,fictional-orbit-q3.pdf:p1:l8,No same-day balance found; carried forward most recent observed account balance.,
2025-07-10,synthetic-demo-account-0042,Fictional Orbit Bank - Synthetic Demo Only,COP,9975000,2643.35,2643.350417,carried-forward,carried-forward,medium,fictional-orbit-q3.pdf:p1:l8,No same-day balance found; carried forward most recent observed account balance.,
2025-07-11,synthetic-demo-account-0042,Fictional Orbit Bank - Synthetic Demo Only,COP,9975000,2643.35,2643.350417,carried-forward,carried-forward,medium,fictional-orbit-q3.pdf:p1:l8,No same-day balance found; carried forward most recent observed account balance.,
2025-07-12,synthetic-demo-account-0042,Fictional Orbit Bank - Synthetic Demo Only,COP,9975000,2643.35,2643.350417,carried-forward,carried-forward,medium,fictional-orbit-q3.pdf:p1:l8,No same-day balance found; carried forward most recent observed account balance.,
2025-07-13,synthetic-demo-account-0042,Fictional Orbit Bank - Synthetic Demo Only,COP,9975000,2643.35,2643.350417,carried-forward,carried-forward,medium,fictional-orbit-q3.pdf:p1:l8,No same-day balance found; carried forward most recent observed account balance.,
2025-07-14,synthetic-demo-account-0042,Fictional Orbit Bank - Synthetic Demo Only,COP,9975000,2643.35,2643.350417,carried-forward,carried-forward,medium,fictional-orbit-q3.pdf:p1:l8,No same-day balance found; carried forward most recent observed account balance.,
2025-07-15,synthetic-demo-account-0042,Fictional Orbit Bank - Synthetic Demo Only,COP,9975000,2643.35,2643.350417,carried-forward,carried-forward,medium,fictional-orbit-q3.pdf:p1:l8,No same-day balance found; carried forward most recent observed account balance.,
2025-07-16,synthetic-demo-account-0042,Fictional Orbit Bank - Synthetic Demo Only,COP,9975000,2643.35,2643.350417,carried-forward,carried-forward,medium,fictional-orbit-q3.pdf:p1:l8,No same-day balance found; carried forward most recent observed account balance.,
2025-07-17,synthetic-demo-account-0042,Fictional Orbit Bank - Synthetic Demo Only,COP,9975000,2643.35,2643.350417,carried-forward,carried-forward,medium,fictional-orbit-q3.pdf:p1:l8,No same-day balance found; carried forward most recent observed account balance.,
2025-07-18,synthetic-demo-account-0042,Fictional Orbit Bank - Synthetic Demo Only,COP,9975000,2643.35,2643.350417,carried-forward,carried-forward,medium,fictional-orbit-q3.pdf:p1:l8,No same-day balance found; carried forward most recent observed account balance.,
2025-07-19,synthetic-demo-account-0042,Fictional Orbit Bank - Synthetic Demo Only,COP,9975000,2643.35,2643.350417,carried-forward,carried-forward,medium,fictional-orbit-q3.pdf:p1:l8,No same-day balance found; carried forward most recent observed account balance.,
2025-07-20,synthetic-demo-account-0042,Fictional Orbit Bank - Synthetic Demo Only,COP,9975000,2643.35,2643.350417,carried-forward,carried-forward,medium,fictional-orbit-q3.pdf:p1:l8,No same-day balance found; carried forward most recent observed account balance.,
2025-07-21,synthetic-demo-account-0042,Fictional Orbit Bank - Synthetic Demo Only,COP,9975000,2643.35,2643.350417,carried-forward,carried-forward,medium,fictional-orbit-q3.pdf:p1:l8,No same-day balance found; carried forward most recent observed account balance.,
2025-07-22,synthetic-demo-account-0042,Fictional Orbit Bank - Synthetic Demo Only,COP,9975000,2643.35,2643.350417,carried-forward,carried-forward,medium,fictional-orbit-q3.pdf:p1:l8,No same-day balance found; carried forward most recent observed account balance.,
2025-07-23,synthetic-demo-account-0042,Fictional Orbit Bank - Synthetic Demo Only,COP,9975000,2643.35,2643.350417,carried-forward,carried-forward,medium,fictional-orbit-q3.pdf:p1:l8,No same-day balance found; carried forward most recent observed account balance.,
2025-07-24,synthetic-demo-account-0042,Fictional Orbit Bank - Synthetic Demo Only,COP,9975000,2643.35,2643.350417,carried-forward,carried-forward,medium,fictional-orbit-q3.pdf:p1:l8,No same-day balance found; carried forward most recent observed account balance.,
2025-07-25,synthetic-demo-account-0042,Fictional Orbit Bank - Synthetic Demo Only,COP,9975000,2643.35,2643.350417,carried-forward,carried-forward,medium,fictional-orbit-q3.pdf:p1:l8,No same-day balance found; carried forward most recent observed account balance.,
2025-07-26,synthetic-demo-account-0042,Fictional Orbit Bank - Synthetic Demo Only,COP,9975000,2643.35,2643.350417,carried-forward,carried-forward,medium,fictional-orbit-q3.pdf:p1:l8,No same-day balance found; carried forward most recent observed account balance.,
2025-07-27,synthetic-demo-account-0042,Fictional Orbit Bank - Synthetic Demo Only,COP,9975000,2643.35,2643.350417,carried-forward,carried-forward,medium,fictional-orbit-q3.pdf:p1:l8,No same-day balance found; carried forward most recent observed account balance.,
2025-07-28,synthetic-demo-account-0042,Fictional Orbit Bank - Synthetic Demo Only,COP,9975000,2643.35,2643.350417,carried-forward,carried-forward,medium,fictional-orbit-q3.pdf:p1:l8,No same-day balance found; carried forward most recent observed account balance.,
2025-07-29,synthetic-demo-account-0042,Fictional Orbit Bank - Synthetic Demo Only,COP,9975000,2643.35,2643.350417,carried-forward,carried-forward,medium,fictional-orbit-q3.pdf:p1:l8,No same-day balance found; carried forward most recent observed account balance.,
2025-07-30,synthetic-demo-account-0042,Fictional Orbit Bank - Synthetic Demo Only,COP,9975000,2643.35,2643.350417,carried-forward,carried-forward,medium,fictional-orbit-q3.pdf:p1:l8,No same-day balance found; carried forward most recent observed account balance.,
2025-07-31,synthetic-demo-account-0042,Fictional Orbit Bank - Synthetic Demo Only,COP,10000000,2649.98,2649.975355,observed,transaction,high,fictional-orbit-q3.pdf:p1:l9,"Selected last monetary value on line: $10,000,000; ISO/date-first numeric date; Recognized source-bound COP Fecha Descripción Movimiento Tarjeta Débito Abono Saldo table; selected the final currency-marked Saldo value.; Whole-COP comma grouping accepted only in the confirmed, source-bound COP Saldo table context.",
2025-08-01,synthetic-demo-account-0042,Fictional Orbit Bank - Synthetic Demo Only,COP,10000000,2649.98,2649.975355,carried-forward,carried-forward,medium,fictional-orbit-q3.pdf:p1:l9,No same-day balance found; carried forward most recent observed account balance.,
2025-08-02,synthetic-demo-account-0042,Fictional Orbit Bank - Synthetic Demo Only,COP,10000000,2649.98,2649.975355,carried-forward,carried-forward,medium,fictional-orbit-q3.pdf:p1:l9,No same-day balance found; carried forward most recent observed account balance.,
2025-08-03,synthetic-demo-account-0042,Fictional Orbit Bank - Synthetic Demo Only,COP,10000000,2649.98,2649.975355,carried-forward,carried-forward,medium,fictional-orbit-q3.pdf:p1:l9,No same-day balance found; carried forward most recent observed account balance.,
2025-08-04,synthetic-demo-account-0042,Fictional Orbit Bank - Synthetic Demo Only,COP,10000000,2649.98,2649.975355,carried-forward,carried-forward,medium,fictional-orbit-q3.pdf:p1:l9,No same-day balance found; carried forward most recent observed account balance.,
2025-08-05,synthetic-demo-account-0042,Fictional Orbit Bank - Synthetic Demo Only,COP,10000000,2649.98,2649.975355,carried-forward,carried-forward,medium,fictional-orbit-q3.pdf:p1:l9,No same-day balance found; carried forward most recent observed account balance.,
2025-08-06,synthetic-demo-account-0042,Fictional Orbit Bank - Synthetic Demo Only,COP,10000000,2649.98,2649.975355,carried-forward,carried-forward,medium,fictional-orbit-q3.pdf:p1:l9,No same-day balance found; carried forward most recent observed account balance.,
2025-08-07,synthetic-demo-account-0042,Fictional Orbit Bank - Synthetic Demo Only,COP,10000000,2649.98,2649.975355,carried-forward,carried-forward,medium,fictional-orbit-q3.pdf:p1:l9,No same-day balance found; carried forward most recent observed account balance.,
2025-08-08,synthetic-demo-account-0042,Fictional Orbit Bank - Synthetic Demo Only,COP,10000000,2649.98,2649.975355,carried-forward,carried-forward,medium,fictional-orbit-q3.pdf:p1:l9,No same-day balance found; carried forward most recent observed account balance.,
2025-08-09,synthetic-demo-account-0042,Fictional Orbit Bank - Synthetic Demo Only,COP,10000000,2649.98,2649.975355,carried-forward,carried-forward,medium,fictional-orbit-q3.pdf:p1:l9,No same-day balance found; carried forward most recent observed account balance.,
2025-08-10,synthetic-demo-account-0042,Fictional Orbit Bank - Synthetic Demo Only,COP,10000000,2649.98,2649.975355,carried-forward,carried-forward,medium,fictional-orbit-q3.pdf:p1:l9,No same-day balance found; carried forward most recent observed account balance.,
2025-08-11,synthetic-demo-account-0042,Fictional Orbit Bank - Synthetic Demo Only,COP,10000000,2649.98,2649.975355,carried-forward,carried-forward,medium,fictional-orbit-q3.pdf:p1:l9,No same-day balance found; carried forward most recent observed account balance.,
2025-08-12,synthetic-demo-account-0042,Fictional Orbit Bank - Synthetic Demo Only,COP,10000000,2649.98,2649.975355,carried-forward,carried-forward,medium,fictional-orbit-q3.pdf:p1:l9,No same-day balance found; carried forward most recent observed account balance.,
2025-08-13,synthetic-demo-account-0042,Fictional Orbit Bank - Synthetic Demo Only,COP,10000000,2649.98,2649.975355,carried-forward,carried-forward,medium,fictional-orbit-q3.pdf:p1:l9,No same-day balance found; carried forward most recent observed account balance.,
2025-08-14,synthetic-demo-account-0042,Fictional Orbit Bank - Synthetic Demo Only,COP,10000000,2649.98,2649.975355,carried-forward,carried-forward,medium,fictional-orbit-q3.pdf:p1:l9,No same-day balance found; carried forward most recent observed account balance.,
2025-08-15,synthetic-demo-account-0042,Fictional Orbit Bank - Synthetic Demo Only,COP,10000000,2649.98,2649.975355,carried-forward,carried-forward,medium,fictional-orbit-q3.pdf:p1:l9,No same-day balance found; carried forward most recent observed account balance.,
2025-08-16,synthetic-demo-account-0042,Fictional Orbit Bank - Synthetic Demo Only,COP,10000000,2649.98,2649.975355,carried-forward,carried-forward,medium,fictional-orbit-q3.pdf:p1:l9,No same-day balance found; carried forward most recent observed account balance.,
2025-08-17,synthetic-demo-account-0042,Fictional Orbit Bank - Synthetic Demo Only,COP,10000000,2649.98,2649.975355,carried-forward,carried-forward,medium,fictional-orbit-q3.pdf:p1:l9,No same-day balance found; carried forward most recent observed account balance.,
2025-08-18,synthetic-demo-account-0042,Fictional Orbit Bank - Synthetic Demo Only,COP,10000000,2649.98,2649.975355,carried-forward,carried-forward,medium,fictional-orbit-q3.pdf:p1:l9,No same-day balance found; carried forward most recent observed account balance.,
2025-08-19,synthetic-demo-account-0042,Fictional Orbit Bank - Synthetic Demo Only,COP,10000000,2649.98,2649.975355,carried-forward,carried-forward,medium,fictional-orbit-q3.pdf:p1:l9,No same-day balance found; carried forward most recent observed account balance.,
2025-08-20,synthetic-demo-account-0042,Fictional Orbit Bank - Synthetic Demo Only,COP,10000000,2649.98,2649.975355,carried-forward,carried-forward,medium,fictional-orbit-q3.pdf:p1:l9,No same-day balance found; carried forward most recent observed account balance.,
2025-08-21,synthetic-demo-account-0042,Fictional Orbit Bank - Synthetic Demo Only,COP,10000000,2649.98,2649.975355,carried-forward,carried-forward,medium,fictional-orbit-q3.pdf:p1:l9,No same-day balance found; carried forward most recent observed account balance.,
2025-08-22,synthetic-demo-account-0042,Fictional Orbit Bank - Synthetic Demo Only,COP,10000000,2649.98,2649.975355,carried-forward,carried-forward,medium,fictional-orbit-q3.pdf:p1:l9,No same-day balance found; carried forward most recent observed account balance.,
2025-08-23,synthetic-demo-account-0042,Fictional Orbit Bank - Synthetic Demo Only,COP,10000000,2649.98,2649.975355,carried-forward,carried-forward,medium,fictional-orbit-q3.pdf:p1:l9,No same-day balance found; carried forward most recent observed account balance.,
2025-08-24,synthetic-demo-account-0042,Fictional Orbit Bank - Synthetic Demo Only,COP,10000000,2649.98,2649.975355,carried-forward,carried-forward,medium,fictional-orbit-q3.pdf:p1:l9,No same-day balance found; carried forward most recent observed account balance.,
2025-08-25,synthetic-demo-account-0042,Fictional Orbit Bank - Synthetic Demo Only,COP,10000000,2649.98,2649.975355,carried-forward,carried-forward,medium,fictional-orbit-q3.pdf:p1:l9,No same-day balance found; carried forward most recent observed account balance.,
2025-08-26,synthetic-demo-account-0042,Fictional Orbit Bank - Synthetic Demo Only,COP,10000000,2649.98,2649.975355,carried-forward,carried-forward,medium,fictional-orbit-q3.pdf:p1:l9,No same-day balance found; carried forward most recent observed account balance.,
2025-08-27,synthetic-demo-account-0042,Fictional Orbit Bank - Synthetic Demo Only,COP,10000000,2649.98,2649.975355,carried-forward,carried-forward,medium,fictional-orbit-q3.pdf:p1:l9,No same-day balance found; carried forward most recent observed account balance.,
2025-08-28,synthetic-demo-account-0042,Fictional Orbit Bank - Synthetic Demo Only,COP,10000000,2649.98,2649.975355,carried-forward,carried-forward,medium,fictional-orbit-q3.pdf:p1:l9,No same-day balance found; carried forward most recent observed account balance.,
2025-08-29,synthetic-demo-account-0042,Fictional Orbit Bank - Synthetic Demo Only,COP,10000000,2649.98,2649.975355,carried-forward,carried-forward,medium,fictional-orbit-q3.pdf:p1:l9,No same-day balance found; carried forward most recent observed account balance.,
2025-08-30,synthetic-demo-account-0042,Fictional Orbit Bank - Synthetic Demo Only,COP,10000000,2649.98,2649.975355,carried-forward,carried-forward,medium,fictional-orbit-q3.pdf:p1:l9,No same-day balance found; carried forward most recent observed account balance.,
2025-08-31,synthetic-demo-account-0042,Fictional Orbit Bank - Synthetic Demo Only,COP,10100000,2676.48,2676.475109,observed,transaction,high,fictional-orbit-q3.pdf:p1:l10,"Selected last monetary value on line: $10,100,000; ISO/date-first numeric date; Recognized source-bound COP Fecha Descripción Movimiento Tarjeta Débito Abono Saldo table; selected the final currency-marked Saldo value.; Whole-COP comma grouping accepted only in the confirmed, source-bound COP Saldo table context.",
2025-09-01,synthetic-demo-account-0042,Fictional Orbit Bank - Synthetic Demo Only,COP,10100000,2676.48,2676.475109,carried-forward,carried-forward,medium,fictional-orbit-q3.pdf:p1:l10,No same-day balance found; carried forward most recent observed account balance.,
2025-09-02,synthetic-demo-account-0042,Fictional Orbit Bank - Synthetic Demo Only,COP,10100000,2676.48,2676.475109,carried-forward,carried-forward,medium,fictional-orbit-q3.pdf:p1:l10,No same-day balance found; carried forward most recent observed account balance.,
2025-09-03,synthetic-demo-account-0042,Fictional Orbit Bank - Synthetic Demo Only,COP,10100000,2676.48,2676.475109,carried-forward,carried-forward,medium,fictional-orbit-q3.pdf:p1:l10,No same-day balance found; carried forward most recent observed account balance.,
2025-09-04,synthetic-demo-account-0042,Fictional Orbit Bank - Synthetic Demo Only,COP,10100000,2676.48,2676.475109,carried-forward,carried-forward,medium,fictional-orbit-q3.pdf:p1:l10,No same-day balance found; carried forward most recent observed account balance.,
2025-09-05,synthetic-demo-account-0042,Fictional Orbit Bank - Synthetic Demo Only,COP,10100000,2676.48,2676.475109,carried-forward,carried-forward,medium,fictional-orbit-q3.pdf:p1:l10,No same-day balance found; carried forward most recent observed account balance.,
2025-09-06,synthetic-demo-account-0042,Fictional Orbit Bank - Synthetic Demo Only,COP,10100000,2676.48,2676.475109,carried-forward,carried-forward,medium,fictional-orbit-q3.pdf:p1:l10,No same-day balance found; carried forward most recent observed account balance.,
2025-09-07,synthetic-demo-account-0042,Fictional Orbit Bank - Synthetic Demo Only,COP,10100000,2676.48,2676.475109,carried-forward,carried-forward,medium,fictional-orbit-q3.pdf:p1:l10,No same-day balance found; carried forward most recent observed account balance.,
2025-09-08,synthetic-demo-account-0042,Fictional Orbit Bank - Synthetic Demo Only,COP,10100000,2676.48,2676.475109,carried-forward,carried-forward,medium,fictional-orbit-q3.pdf:p1:l10,No same-day balance found; carried forward most recent observed account balance.,
2025-09-09,synthetic-demo-account-0042,Fictional Orbit Bank - Synthetic Demo Only,COP,10100000,2676.48,2676.475109,carried-forward,carried-forward,medium,fictional-orbit-q3.pdf:p1:l10,No same-day balance found; carried forward most recent observed account balance.,
2025-09-10,synthetic-demo-account-0042,Fictional Orbit Bank - Synthetic Demo Only,COP,10100000,2676.48,2676.475109,carried-forward,carried-forward,medium,fictional-orbit-q3.pdf:p1:l10,No same-day balance found; carried forward most recent observed account balance.,
2025-09-11,synthetic-demo-account-0042,Fictional Orbit Bank - Synthetic Demo Only,COP,10100000,2676.48,2676.475109,carried-forward,carried-forward,medium,fictional-orbit-q3.pdf:p1:l10,No same-day balance found; carried forward most recent observed account balance.,
2025-09-12,synthetic-demo-account-0042,Fictional Orbit Bank - Synthetic Demo Only,COP,10100000,2676.48,2676.475109,carried-forward,carried-forward,medium,fictional-orbit-q3.pdf:p1:l10,No same-day balance found; carried forward most recent observed account balance.,
2025-09-13,synthetic-demo-account-0042,Fictional Orbit Bank - Synthetic Demo Only,COP,10100000,2676.48,2676.475109,carried-forward,carried-forward,medium,fictional-orbit-q3.pdf:p1:l10,No same-day balance found; carried forward most recent observed account balance.,
2025-09-14,synthetic-demo-account-0042,Fictional Orbit Bank - Synthetic Demo Only,COP,10100000,2676.48,2676.475109,carried-forward,carried-forward,medium,fictional-orbit-q3.pdf:p1:l10,No same-day balance found; carried forward most recent observed account balance.,
2025-09-15,synthetic-demo-account-0042,Fictional Orbit Bank - Synthetic Demo Only,COP,10250000,2716.22,2716.224739,observed,transaction,high,fictional-orbit-q3.pdf:p1:l11,"Selected last monetary value on line: $10,250,000; ISO/date-first numeric date; Recognized source-bound COP Fecha Descripción Movimiento Tarjeta Débito Abono Saldo table; selected the final currency-marked Saldo value.; Whole-COP comma grouping accepted only in the confirmed, source-bound COP Saldo table context.",
2025-09-16,synthetic-demo-account-0042,Fictional Orbit Bank - Synthetic Demo Only,COP,10250000,2716.22,2716.224739,carried-forward,carried-forward,medium,fictional-orbit-q3.pdf:p1:l11,No same-day balance found; carried forward most recent observed account balance.,
2025-09-17,synthetic-demo-account-0042,Fictional Orbit Bank - Synthetic Demo Only,COP,10250000,2716.22,2716.224739,carried-forward,carried-forward,medium,fictional-orbit-q3.pdf:p1:l11,No same-day balance found; carried forward most recent observed account balance.,
2025-09-18,synthetic-demo-account-0042,Fictional Orbit Bank - Synthetic Demo Only,COP,10250000,2716.22,2716.224739,carried-forward,carried-forward,medium,fictional-orbit-q3.pdf:p1:l11,No same-day balance found; carried forward most recent observed account balance.,
2025-09-19,synthetic-demo-account-0042,Fictional Orbit Bank - Synthetic Demo Only,COP,10250000,2716.22,2716.224739,carried-forward,carried-forward,medium,fictional-orbit-q3.pdf:p1:l11,No same-day balance found; carried forward most recent observed account balance.,
2025-09-20,synthetic-demo-account-0042,Fictional Orbit Bank - Synthetic Demo Only,COP,10250000,2716.22,2716.224739,carried-forward,carried-forward,medium,fictional-orbit-q3.pdf:p1:l11,No same-day balance found; carried forward most recent observed account balance.,
2025-09-21,synthetic-demo-account-0042,Fictional Orbit Bank - Synthetic Demo Only,COP,10250000,2716.22,2716.224739,carried-forward,carried-forward,medium,fictional-orbit-q3.pdf:p1:l11,No same-day balance found; carried forward most recent observed account balance.,
2025-09-22,synthetic-demo-account-0042,Fictional Orbit Bank - Synthetic Demo Only,COP,10250000,2716.22,2716.224739,carried-forward,carried-forward,medium,fictional-orbit-q3.pdf:p1:l11,No same-day balance found; carried forward most recent observed account balance.,
2025-09-23,synthetic-demo-account-0042,Fictional Orbit Bank - Synthetic Demo Only,COP,10250000,2716.22,2716.224739,carried-forward,carried-forward,medium,fictional-orbit-q3.pdf:p1:l11,No same-day balance found; carried forward most recent observed account balance.,
2025-09-24,synthetic-demo-account-0042,Fictional Orbit Bank - Synthetic Demo Only,COP,10250000,2716.22,2716.224739,carried-forward,carried-forward,medium,fictional-orbit-q3.pdf:p1:l11,No same-day balance found; carried forward most recent observed account balance.,
2025-09-25,synthetic-demo-account-0042,Fictional Orbit Bank - Synthetic Demo Only,COP,10250000,2716.22,2716.224739,carried-forward,carried-forward,medium,fictional-orbit-q3.pdf:p1:l11,No same-day balance found; carried forward most recent observed account balance.,
2025-09-26,synthetic-demo-account-0042,Fictional Orbit Bank - Synthetic Demo Only,COP,10250000,2716.22,2716.224739,carried-forward,carried-forward,medium,fictional-orbit-q3.pdf:p1:l11,No same-day balance found; carried forward most recent observed account balance.,
2025-09-27,synthetic-demo-account-0042,Fictional Orbit Bank - Synthetic Demo Only,COP,10250000,2716.22,2716.224739,carried-forward,carried-forward,medium,fictional-orbit-q3.pdf:p1:l11,No same-day balance found; carried forward most recent observed account balance.,
2025-09-28,synthetic-demo-account-0042,Fictional Orbit Bank - Synthetic Demo Only,COP,10250000,2716.22,2716.224739,carried-forward,carried-forward,medium,fictional-orbit-q3.pdf:p1:l11,No same-day balance found; carried forward most recent observed account balance.,
2025-09-29,synthetic-demo-account-0042,Fictional Orbit Bank - Synthetic Demo Only,COP,10250000,2716.22,2716.224739,carried-forward,carried-forward,medium,fictional-orbit-q3.pdf:p1:l11,No same-day balance found; carried forward most recent observed account balance.,
2025-09-30,synthetic-demo-account-0042,Fictional Orbit Bank - Synthetic Demo Only,COP,10200000,2702.97,2702.974862,observed,transaction,high,fictional-orbit-q3.pdf:p1:l12,"Selected last monetary value on line: $10,200,000; ISO/date-first numeric date; Recognized source-bound COP Fecha Descripción Movimiento Tarjeta Débito Abono Saldo table; selected the final currency-marked Saldo value.; Whole-COP comma grouping accepted only in the confirmed, source-bound COP Saldo table context.",
2025-10-01,synthetic-demo-account-0042,Fictional Orbit Bank - Synthetic Demo Only,COP,10300000,2729.47,2729.474616,observed,transaction,high,fictional-orbit-q4.pdf:p1:l8,"Selected last monetary value on line: $10,300,000; ISO/date-first numeric date; Recognized source-bound COP Fecha Descripción Movimiento Tarjeta Débito Abono Saldo table; selected the final currency-marked Saldo value.; Whole-COP comma grouping accepted only in the confirmed, source-bound COP Saldo table context.",
2025-10-02,synthetic-demo-account-0042,Fictional Orbit Bank - Synthetic Demo Only,COP,10300000,2729.47,2729.474616,carried-forward,carried-forward,medium,fictional-orbit-q4.pdf:p1:l8,No same-day balance found; carried forward most recent observed account balance.,
2025-10-03,synthetic-demo-account-0042,Fictional Orbit Bank - Synthetic Demo Only,COP,10300000,2729.47,2729.474616,carried-forward,carried-forward,medium,fictional-orbit-q4.pdf:p1:l8,No same-day balance found; carried forward most recent observed account balance.,
2025-10-04,synthetic-demo-account-0042,Fictional Orbit Bank - Synthetic Demo Only,COP,10300000,2729.47,2729.474616,carried-forward,carried-forward,medium,fictional-orbit-q4.pdf:p1:l8,No same-day balance found; carried forward most recent observed account balance.,
2025-10-05,synthetic-demo-account-0042,Fictional Orbit Bank - Synthetic Demo Only,COP,10300000,2729.47,2729.474616,carried-forward,carried-forward,medium,fictional-orbit-q4.pdf:p1:l8,No same-day balance found; carried forward most recent observed account balance.,
2025-10-06,synthetic-demo-account-0042,Fictional Orbit Bank - Synthetic Demo Only,COP,10300000,2729.47,2729.474616,carried-forward,carried-forward,medium,fictional-orbit-q4.pdf:p1:l8,No same-day balance found; carried forward most recent observed account balance.,
2025-10-07,synthetic-demo-account-0042,Fictional Orbit Bank - Synthetic Demo Only,COP,10300000,2729.47,2729.474616,carried-forward,carried-forward,medium,fictional-orbit-q4.pdf:p1:l8,No same-day balance found; carried forward most recent observed account balance.,
2025-10-08,synthetic-demo-account-0042,Fictional Orbit Bank - Synthetic Demo Only,COP,10300000,2729.47,2729.474616,carried-forward,carried-forward,medium,fictional-orbit-q4.pdf:p1:l8,No same-day balance found; carried forward most recent observed account balance.,
2025-10-09,synthetic-demo-account-0042,Fictional Orbit Bank - Synthetic Demo Only,COP,10300000,2729.47,2729.474616,carried-forward,carried-forward,medium,fictional-orbit-q4.pdf:p1:l8,No same-day balance found; carried forward most recent observed account balance.,
2025-10-10,synthetic-demo-account-0042,Fictional Orbit Bank - Synthetic Demo Only,COP,10500000,2782.47,2782.474123,observed,transaction,high,fictional-orbit-q4.pdf:p1:l9,"Selected last monetary value on line: $10,500,000; ISO/date-first numeric date; Recognized source-bound COP Fecha Descripción Movimiento Tarjeta Débito Abono Saldo table; selected the final currency-marked Saldo value.; Whole-COP comma grouping accepted only in the confirmed, source-bound COP Saldo table context.",
2025-10-11,synthetic-demo-account-0042,Fictional Orbit Bank - Synthetic Demo Only,COP,10500000,2782.47,2782.474123,carried-forward,carried-forward,medium,fictional-orbit-q4.pdf:p1:l9,No same-day balance found; carried forward most recent observed account balance.,
2025-10-12,synthetic-demo-account-0042,Fictional Orbit Bank - Synthetic Demo Only,COP,10500000,2782.47,2782.474123,carried-forward,carried-forward,medium,fictional-orbit-q4.pdf:p1:l9,No same-day balance found; carried forward most recent observed account balance.,
2025-10-13,synthetic-demo-account-0042,Fictional Orbit Bank - Synthetic Demo Only,COP,10500000,2782.47,2782.474123,carried-forward,carried-forward,medium,fictional-orbit-q4.pdf:p1:l9,No same-day balance found; carried forward most recent observed account balance.,
2025-10-14,synthetic-demo-account-0042,Fictional Orbit Bank - Synthetic Demo Only,COP,10500000,2782.47,2782.474123,carried-forward,carried-forward,medium,fictional-orbit-q4.pdf:p1:l9,No same-day balance found; carried forward most recent observed account balance.,
2025-10-15,synthetic-demo-account-0042,Fictional Orbit Bank - Synthetic Demo Only,COP,10500000,2782.47,2782.474123,carried-forward,carried-forward,medium,fictional-orbit-q4.pdf:p1:l9,No same-day balance found; carried forward most recent observed account balance.,
2025-10-16,synthetic-demo-account-0042,Fictional Orbit Bank - Synthetic Demo Only,COP,10500000,2782.47,2782.474123,carried-forward,carried-forward,medium,fictional-orbit-q4.pdf:p1:l9,No same-day balance found; carried forward most recent observed account balance.,
2025-10-17,synthetic-demo-account-0042,Fictional Orbit Bank - Synthetic Demo Only,COP,10500000,2782.47,2782.474123,carried-forward,carried-forward,medium,fictional-orbit-q4.pdf:p1:l9,No same-day balance found; carried forward most recent observed account balance.,
2025-10-18,synthetic-demo-account-0042,Fictional Orbit Bank - Synthetic Demo Only,COP,10500000,2782.47,2782.474123,carried-forward,carried-forward,medium,fictional-orbit-q4.pdf:p1:l9,No same-day balance found; carried forward most recent observed account balance.,
2025-10-19,synthetic-demo-account-0042,Fictional Orbit Bank - Synthetic Demo Only,COP,10500000,2782.47,2782.474123,carried-forward,carried-forward,medium,fictional-orbit-q4.pdf:p1:l9,No same-day balance found; carried forward most recent observed account balance.,
2025-10-20,synthetic-demo-account-0042,Fictional Orbit Bank - Synthetic Demo Only,COP,10500000,2782.47,2782.474123,carried-forward,carried-forward,medium,fictional-orbit-q4.pdf:p1:l9,No same-day balance found; carried forward most recent observed account balance.,
2025-10-21,synthetic-demo-account-0042,Fictional Orbit Bank - Synthetic Demo Only,COP,10500000,2782.47,2782.474123,carried-forward,carried-forward,medium,fictional-orbit-q4.pdf:p1:l9,No same-day balance found; carried forward most recent observed account balance.,
2025-10-22,synthetic-demo-account-0042,Fictional Orbit Bank - Synthetic Demo Only,COP,10500000,2782.47,2782.474123,carried-forward,carried-forward,medium,fictional-orbit-q4.pdf:p1:l9,No same-day balance found; carried forward most recent observed account balance.,
2025-10-23,synthetic-demo-account-0042,Fictional Orbit Bank - Synthetic Demo Only,COP,10500000,2782.47,2782.474123,carried-forward,carried-forward,medium,fictional-orbit-q4.pdf:p1:l9,No same-day balance found; carried forward most recent observed account balance.,
2025-10-24,synthetic-demo-account-0042,Fictional Orbit Bank - Synthetic Demo Only,COP,10500000,2782.47,2782.474123,carried-forward,carried-forward,medium,fictional-orbit-q4.pdf:p1:l9,No same-day balance found; carried forward most recent observed account balance.,
2025-10-25,synthetic-demo-account-0042,Fictional Orbit Bank - Synthetic Demo Only,COP,10500000,2782.47,2782.474123,carried-forward,carried-forward,medium,fictional-orbit-q4.pdf:p1:l9,No same-day balance found; carried forward most recent observed account balance.,
2025-10-26,synthetic-demo-account-0042,Fictional Orbit Bank - Synthetic Demo Only,COP,10500000,2782.47,2782.474123,carried-forward,carried-forward,medium,fictional-orbit-q4.pdf:p1:l9,No same-day balance found; carried forward most recent observed account balance.,
2025-10-27,synthetic-demo-account-0042,Fictional Orbit Bank - Synthetic Demo Only,COP,10500000,2782.47,2782.474123,carried-forward,carried-forward,medium,fictional-orbit-q4.pdf:p1:l9,No same-day balance found; carried forward most recent observed account balance.,
2025-10-28,synthetic-demo-account-0042,Fictional Orbit Bank - Synthetic Demo Only,COP,10500000,2782.47,2782.474123,carried-forward,carried-forward,medium,fictional-orbit-q4.pdf:p1:l9,No same-day balance found; carried forward most recent observed account balance.,
2025-10-29,synthetic-demo-account-0042,Fictional Orbit Bank - Synthetic Demo Only,COP,10500000,2782.47,2782.474123,carried-forward,carried-forward,medium,fictional-orbit-q4.pdf:p1:l9,No same-day balance found; carried forward most recent observed account balance.,
2025-10-30,synthetic-demo-account-0042,Fictional Orbit Bank - Synthetic Demo Only,COP,10500000,2782.47,2782.474123,carried-forward,carried-forward,medium,fictional-orbit-q4.pdf:p1:l9,No same-day balance found; carried forward most recent observed account balance.,
2025-10-31,synthetic-demo-account-0042,Fictional Orbit Bank - Synthetic Demo Only,COP,10400000,2755.97,2755.974369,observed,transaction,high,fictional-orbit-q4.pdf:p1:l10,"Selected last monetary value on line: $10,400,000; ISO/date-first numeric date; Recognized source-bound COP Fecha Descripción Movimiento Tarjeta Débito Abono Saldo table; selected the final currency-marked Saldo value.; Whole-COP comma grouping accepted only in the confirmed, source-bound COP Saldo table context.",
2025-11-01,synthetic-demo-account-0042,Fictional Orbit Bank - Synthetic Demo Only,COP,10400000,2755.97,2755.974369,carried-forward,carried-forward,medium,fictional-orbit-q4.pdf:p1:l10,No same-day balance found; carried forward most recent observed account balance.,
2025-11-02,synthetic-demo-account-0042,Fictional Orbit Bank - Synthetic Demo Only,COP,10400000,2755.97,2755.974369,carried-forward,carried-forward,medium,fictional-orbit-q4.pdf:p1:l10,No same-day balance found; carried forward most recent observed account balance.,
2025-11-03,synthetic-demo-account-0042,Fictional Orbit Bank - Synthetic Demo Only,COP,10400000,2755.97,2755.974369,carried-forward,carried-forward,medium,fictional-orbit-q4.pdf:p1:l10,No same-day balance found; carried forward most recent observed account balance.,
2025-11-04,synthetic-demo-account-0042,Fictional Orbit Bank - Synthetic Demo Only,COP,10400000,2755.97,2755.974369,carried-forward,carried-forward,medium,fictional-orbit-q4.pdf:p1:l10,No same-day balance found; carried forward most recent observed account balance.,
2025-11-05,synthetic-demo-account-0042,Fictional Orbit Bank - Synthetic Demo Only,COP,10400000,2755.97,2755.974369,carried-forward,carried-forward,medium,fictional-orbit-q4.pdf:p1:l10,No same-day balance found; carried forward most recent observed account balance.,
2025-11-06,synthetic-demo-account-0042,Fictional Orbit Bank - Synthetic Demo Only,COP,10400000,2755.97,2755.974369,carried-forward,carried-forward,medium,fictional-orbit-q4.pdf:p1:l10,No same-day balance found; carried forward most recent observed account balance.,
2025-11-07,synthetic-demo-account-0042,Fictional Orbit Bank - Synthetic Demo Only,COP,10400000,2755.97,2755.974369,carried-forward,carried-forward,medium,fictional-orbit-q4.pdf:p1:l10,No same-day balance found; carried forward most recent observed account balance.,
2025-11-08,synthetic-demo-account-0042,Fictional Orbit Bank - Synthetic Demo Only,COP,10400000,2755.97,2755.974369,carried-forward,carried-forward,medium,fictional-orbit-q4.pdf:p1:l10,No same-day balance found; carried forward most recent observed account balance.,
2025-11-09,synthetic-demo-account-0042,Fictional Orbit Bank - Synthetic Demo Only,COP,10400000,2755.97,2755.974369,carried-forward,carried-forward,medium,fictional-orbit-q4.pdf:p1:l10,No same-day balance found; carried forward most recent observed account balance.,
2025-11-10,synthetic-demo-account-0042,Fictional Orbit Bank - Synthetic Demo Only,COP,10400000,2755.97,2755.974369,carried-forward,carried-forward,medium,fictional-orbit-q4.pdf:p1:l10,No same-day balance found; carried forward most recent observed account balance.,
2025-11-11,synthetic-demo-account-0042,Fictional Orbit Bank - Synthetic Demo Only,COP,10400000,2755.97,2755.974369,carried-forward,carried-forward,medium,fictional-orbit-q4.pdf:p1:l10,No same-day balance found; carried forward most recent observed account balance.,
2025-11-12,synthetic-demo-account-0042,Fictional Orbit Bank - Synthetic Demo Only,COP,10400000,2755.97,2755.974369,carried-forward,carried-forward,medium,fictional-orbit-q4.pdf:p1:l10,No same-day balance found; carried forward most recent observed account balance.,
2025-11-13,synthetic-demo-account-0042,Fictional Orbit Bank - Synthetic Demo Only,COP,10400000,2755.97,2755.974369,carried-forward,carried-forward,medium,fictional-orbit-q4.pdf:p1:l10,No same-day balance found; carried forward most recent observed account balance.,
2025-11-14,synthetic-demo-account-0042,Fictional Orbit Bank - Synthetic Demo Only,COP,10400000,2755.97,2755.974369,carried-forward,carried-forward,medium,fictional-orbit-q4.pdf:p1:l10,No same-day balance found; carried forward most recent observed account balance.,
2025-11-15,synthetic-demo-account-0042,Fictional Orbit Bank - Synthetic Demo Only,COP,10400000,2755.97,2755.974369,carried-forward,carried-forward,medium,fictional-orbit-q4.pdf:p1:l10,No same-day balance found; carried forward most recent observed account balance.,
2025-11-16,synthetic-demo-account-0042,Fictional Orbit Bank - Synthetic Demo Only,COP,10400000,2755.97,2755.974369,carried-forward,carried-forward,medium,fictional-orbit-q4.pdf:p1:l10,No same-day balance found; carried forward most recent observed account balance.,
2025-11-17,synthetic-demo-account-0042,Fictional Orbit Bank - Synthetic Demo Only,COP,10400000,2755.97,2755.974369,carried-forward,carried-forward,medium,fictional-orbit-q4.pdf:p1:l10,No same-day balance found; carried forward most recent observed account balance.,
2025-11-18,synthetic-demo-account-0042,Fictional Orbit Bank - Synthetic Demo Only,COP,10400000,2755.97,2755.974369,carried-forward,carried-forward,medium,fictional-orbit-q4.pdf:p1:l10,No same-day balance found; carried forward most recent observed account balance.,
2025-11-19,synthetic-demo-account-0042,Fictional Orbit Bank - Synthetic Demo Only,COP,10400000,2755.97,2755.974369,carried-forward,carried-forward,medium,fictional-orbit-q4.pdf:p1:l10,No same-day balance found; carried forward most recent observed account balance.,
2025-11-20,synthetic-demo-account-0042,Fictional Orbit Bank - Synthetic Demo Only,COP,10400000,2755.97,2755.974369,carried-forward,carried-forward,medium,fictional-orbit-q4.pdf:p1:l10,No same-day balance found; carried forward most recent observed account balance.,
2025-11-21,synthetic-demo-account-0042,Fictional Orbit Bank - Synthetic Demo Only,COP,10400000,2755.97,2755.974369,carried-forward,carried-forward,medium,fictional-orbit-q4.pdf:p1:l10,No same-day balance found; carried forward most recent observed account balance.,
2025-11-22,synthetic-demo-account-0042,Fictional Orbit Bank - Synthetic Demo Only,COP,10400000,2755.97,2755.974369,carried-forward,carried-forward,medium,fictional-orbit-q4.pdf:p1:l10,No same-day balance found; carried forward most recent observed account balance.,
2025-11-23,synthetic-demo-account-0042,Fictional Orbit Bank - Synthetic Demo Only,COP,10400000,2755.97,2755.974369,carried-forward,carried-forward,medium,fictional-orbit-q4.pdf:p1:l10,No same-day balance found; carried forward most recent observed account balance.,
2025-11-24,synthetic-demo-account-0042,Fictional Orbit Bank - Synthetic Demo Only,COP,10400000,2755.97,2755.974369,carried-forward,carried-forward,medium,fictional-orbit-q4.pdf:p1:l10,No same-day balance found; carried forward most recent observed account balance.,
2025-11-25,synthetic-demo-account-0042,Fictional Orbit Bank - Synthetic Demo Only,COP,10400000,2755.97,2755.974369,carried-forward,carried-forward,medium,fictional-orbit-q4.pdf:p1:l10,No same-day balance found; carried forward most recent observed account balance.,
2025-11-26,synthetic-demo-account-0042,Fictional Orbit Bank - Synthetic Demo Only,COP,10400000,2755.97,2755.974369,carried-forward,carried-forward,medium,fictional-orbit-q4.pdf:p1:l10,No same-day balance found; carried forward most recent observed account balance.,
2025-11-27,synthetic-demo-account-0042,Fictional Orbit Bank - Synthetic Demo Only,COP,10400000,2755.97,2755.974369,carried-forward,carried-forward,medium,fictional-orbit-q4.pdf:p1:l10,No same-day balance found; carried forward most recent observed account balance.,
2025-11-28,synthetic-demo-account-0042,Fictional Orbit Bank - Synthetic Demo Only,COP,10400000,2755.97,2755.974369,carried-forward,carried-forward,medium,fictional-orbit-q4.pdf:p1:l10,No same-day balance found; carried forward most recent observed account balance.,
2025-11-29,synthetic-demo-account-0042,Fictional Orbit Bank - Synthetic Demo Only,COP,10400000,2755.97,2755.974369,carried-forward,carried-forward,medium,fictional-orbit-q4.pdf:p1:l10,No same-day balance found; carried forward most recent observed account balance.,
2025-11-30,synthetic-demo-account-0042,Fictional Orbit Bank - Synthetic Demo Only,COP,10350000,2742.72,2742.724493,observed,transaction,high,fictional-orbit-q4.pdf:p1:l11,"Selected last monetary value on line: $10,350,000; ISO/date-first numeric date; Recognized source-bound COP Fecha Descripción Movimiento Tarjeta Débito Abono Saldo table; selected the final currency-marked Saldo value.; Whole-COP comma grouping accepted only in the confirmed, source-bound COP Saldo table context.",
2025-12-01,synthetic-demo-account-0042,Fictional Orbit Bank - Synthetic Demo Only,COP,10350000,2742.72,2742.724493,carried-forward,carried-forward,medium,fictional-orbit-q4.pdf:p1:l11,No same-day balance found; carried forward most recent observed account balance.,
2025-12-02,synthetic-demo-account-0042,Fictional Orbit Bank - Synthetic Demo Only,COP,10350000,2742.72,2742.724493,carried-forward,carried-forward,medium,fictional-orbit-q4.pdf:p1:l11,No same-day balance found; carried forward most recent observed account balance.,
2025-12-03,synthetic-demo-account-0042,Fictional Orbit Bank - Synthetic Demo Only,COP,10350000,2742.72,2742.724493,carried-forward,carried-forward,medium,fictional-orbit-q4.pdf:p1:l11,No same-day balance found; carried forward most recent observed account balance.,
2025-12-04,synthetic-demo-account-0042,Fictional Orbit Bank - Synthetic Demo Only,COP,10350000,2742.72,2742.724493,carried-forward,carried-forward,medium,fictional-orbit-q4.pdf:p1:l11,No same-day balance found; carried forward most recent observed account balance.,
2025-12-05,synthetic-demo-account-0042,Fictional Orbit Bank - Synthetic Demo Only,COP,10350000,2742.72,2742.724493,carried-forward,carried-forward,medium,fictional-orbit-q4.pdf:p1:l11,No same-day balance found; carried forward most recent observed account balance.,
2025-12-06,synthetic-demo-account-0042,Fictional Orbit Bank - Synthetic Demo Only,COP,10350000,2742.72,2742.724493,carried-forward,carried-forward,medium,fictional-orbit-q4.pdf:p1:l11,No same-day balance found; carried forward most recent observed account balance.,
2025-12-07,synthetic-demo-account-0042,Fictional Orbit Bank - Synthetic Demo Only,COP,10350000,2742.72,2742.724493,carried-forward,carried-forward,medium,fictional-orbit-q4.pdf:p1:l11,No same-day balance found; carried forward most recent observed account balance.,
2025-12-08,synthetic-demo-account-0042,Fictional Orbit Bank - Synthetic Demo Only,COP,10350000,2742.72,2742.724493,carried-forward,carried-forward,medium,fictional-orbit-q4.pdf:p1:l11,No same-day balance found; carried forward most recent observed account balance.,
2025-12-09,synthetic-demo-account-0042,Fictional Orbit Bank - Synthetic Demo Only,COP,10350000,2742.72,2742.724493,carried-forward,carried-forward,medium,fictional-orbit-q4.pdf:p1:l11,No same-day balance found; carried forward most recent observed account balance.,
2025-12-10,synthetic-demo-account-0042,Fictional Orbit Bank - Synthetic Demo Only,COP,10350000,2742.72,2742.724493,carried-forward,carried-forward,medium,fictional-orbit-q4.pdf:p1:l11,No same-day balance found; carried forward most recent observed account balance.,
2025-12-11,synthetic-demo-account-0042,Fictional Orbit Bank - Synthetic Demo Only,COP,10350000,2742.72,2742.724493,carried-forward,carried-forward,medium,fictional-orbit-q4.pdf:p1:l11,No same-day balance found; carried forward most recent observed account balance.,
2025-12-12,synthetic-demo-account-0042,Fictional Orbit Bank - Synthetic Demo Only,COP,10350000,2742.72,2742.724493,carried-forward,carried-forward,medium,fictional-orbit-q4.pdf:p1:l11,No same-day balance found; carried forward most recent observed account balance.,
2025-12-13,synthetic-demo-account-0042,Fictional Orbit Bank - Synthetic Demo Only,COP,10350000,2742.72,2742.724493,carried-forward,carried-forward,medium,fictional-orbit-q4.pdf:p1:l11,No same-day balance found; carried forward most recent observed account balance.,
2025-12-14,synthetic-demo-account-0042,Fictional Orbit Bank - Synthetic Demo Only,COP,10350000,2742.72,2742.724493,carried-forward,carried-forward,medium,fictional-orbit-q4.pdf:p1:l11,No same-day balance found; carried forward most recent observed account balance.,
2025-12-15,synthetic-demo-account-0042,Fictional Orbit Bank - Synthetic Demo Only,COP,10350000,2742.72,2742.724493,carried-forward,carried-forward,medium,fictional-orbit-q4.pdf:p1:l11,No same-day balance found; carried forward most recent observed account balance.,
2025-12-16,synthetic-demo-account-0042,Fictional Orbit Bank - Synthetic Demo Only,COP,10350000,2742.72,2742.724493,carried-forward,carried-forward,medium,fictional-orbit-q4.pdf:p1:l11,No same-day balance found; carried forward most recent observed account balance.,
2025-12-17,synthetic-demo-account-0042,Fictional Orbit Bank - Synthetic Demo Only,COP,10350000,2742.72,2742.724493,carried-forward,carried-forward,medium,fictional-orbit-q4.pdf:p1:l11,No same-day balance found; carried forward most recent observed account balance.,
2025-12-18,synthetic-demo-account-0042,Fictional Orbit Bank - Synthetic Demo Only,COP,10350000,2742.72,2742.724493,carried-forward,carried-forward,medium,fictional-orbit-q4.pdf:p1:l11,No same-day balance found; carried forward most recent observed account balance.,
2025-12-19,synthetic-demo-account-0042,Fictional Orbit Bank - Synthetic Demo Only,COP,10350000,2742.72,2742.724493,carried-forward,carried-forward,medium,fictional-orbit-q4.pdf:p1:l11,No same-day balance found; carried forward most recent observed account balance.,
2025-12-20,synthetic-demo-account-0042,Fictional Orbit Bank - Synthetic Demo Only,COP,10350000,2742.72,2742.724493,carried-forward,carried-forward,medium,fictional-orbit-q4.pdf:p1:l11,No same-day balance found; carried forward most recent observed account balance.,
2025-12-21,synthetic-demo-account-0042,Fictional Orbit Bank - Synthetic Demo Only,COP,10350000,2742.72,2742.724493,carried-forward,carried-forward,medium,fictional-orbit-q4.pdf:p1:l11,No same-day balance found; carried forward most recent observed account balance.,
2025-12-22,synthetic-demo-account-0042,Fictional Orbit Bank - Synthetic Demo Only,COP,10350000,2742.72,2742.724493,carried-forward,carried-forward,medium,fictional-orbit-q4.pdf:p1:l11,No same-day balance found; carried forward most recent observed account balance.,
2025-12-23,synthetic-demo-account-0042,Fictional Orbit Bank - Synthetic Demo Only,COP,10350000,2742.72,2742.724493,carried-forward,carried-forward,medium,fictional-orbit-q4.pdf:p1:l11,No same-day balance found; carried forward most recent observed account balance.,
2025-12-24,synthetic-demo-account-0042,Fictional Orbit Bank - Synthetic Demo Only,COP,10350000,2742.72,2742.724493,carried-forward,carried-forward,medium,fictional-orbit-q4.pdf:p1:l11,No same-day balance found; carried forward most recent observed account balance.,
2025-12-25,synthetic-demo-account-0042,Fictional Orbit Bank - Synthetic Demo Only,COP,10350000,2742.72,2742.724493,carried-forward,carried-forward,medium,fictional-orbit-q4.pdf:p1:l11,No same-day balance found; carried forward most recent observed account balance.,
2025-12-26,synthetic-demo-account-0042,Fictional Orbit Bank - Synthetic Demo Only,COP,10350000,2742.72,2742.724493,carried-forward,carried-forward,medium,fictional-orbit-q4.pdf:p1:l11,No same-day balance found; carried forward most recent observed account balance.,
2025-12-27,synthetic-demo-account-0042,Fictional Orbit Bank - Synthetic Demo Only,COP,10350000,2742.72,2742.724493,carried-forward,carried-forward,medium,fictional-orbit-q4.pdf:p1:l11,No same-day balance found; carried forward most recent observed account balance.,
2025-12-28,synthetic-demo-account-0042,Fictional Orbit Bank - Synthetic Demo Only,COP,10350000,2742.72,2742.724493,carried-forward,carried-forward,medium,fictional-orbit-q4.pdf:p1:l11,No same-day balance found; carried forward most recent observed account balance.,
2025-12-29,synthetic-demo-account-0042,Fictional Orbit Bank - Synthetic Demo Only,COP,10350000,2742.72,2742.724493,carried-forward,carried-forward,medium,fictional-orbit-q4.pdf:p1:l11,No same-day balance found; carried forward most recent observed account balance.,
2025-12-30,synthetic-demo-account-0042,Fictional Orbit Bank - Synthetic Demo Only,COP,10350000,2742.72,2742.724493,carried-forward,carried-forward,medium,fictional-orbit-q4.pdf:p1:l11,No same-day balance found; carried forward most recent observed account balance.,
2025-12-31,synthetic-demo-account-0042,Fictional Orbit Bank - Synthetic Demo Only,COP,10250000,2716.22,2716.224739,observed,transaction,high,fictional-orbit-q4.pdf:p1:l12,"Selected last monetary value on line: $10,250,000; ISO/date-first numeric date; Recognized source-bound COP Fecha Descripción Movimiento Tarjeta Débito Abono Saldo table; selected the final currency-marked Saldo value.; Whole-COP comma grouping accepted only in the confirmed, source-bound COP Saldo table context.",
